subj_idx,stim,leftresp,rightresp,totresp,state
2.000000,-60.000000,2.000000,0.000000,2.000000,Alert
2.000000,-55.000000,2.000000,0.000000,2.000000,Alert
2.000000,-50.000000,2.000000,0.000000,2.000000,Alert
2.000000,-45.000000,4.000000,0.000000,4.000000,Alert
2.000000,-40.000000,2.000000,0.000000,2.000000,Alert
2.000000,-35.000000,4.000000,0.000000,4.000000,Alert
2.000000,-30.000000,4.000000,0.000000,4.000000,Alert
2.000000,-25.000000,8.000000,0.000000,8.000000,Alert
2.000000,-20.000000,4.000000,0.000000,4.000000,Alert
2.000000,-15.000000,4.000000,0.000000,4.000000,Alert
2.000000,-10.000000,8.000000,0.000000,8.000000,Alert
2.000000,-5.000000,9.000000,3.000000,12.000000,Alert
2.000000,0.000000,1.000000,10.000000,11.000000,Alert
2.000000,5.000000,1.000000,11.000000,12.000000,Alert
2.000000,10.000000,0.000000,7.000000,7.000000,Alert
2.000000,15.000000,0.000000,4.000000,4.000000,Alert
2.000000,20.000000,0.000000,4.000000,4.000000,Alert
2.000000,25.000000,0.000000,8.000000,8.000000,Alert
2.000000,30.000000,0.000000,4.000000,4.000000,Alert
2.000000,35.000000,0.000000,4.000000,4.000000,Alert
2.000000,40.000000,0.000000,2.000000,2.000000,Alert
2.000000,45.000000,0.000000,4.000000,4.000000,Alert
2.000000,50.000000,0.000000,2.000000,2.000000,Alert
2.000000,55.000000,0.000000,2.000000,2.000000,Alert
2.000000,60.000000,0.000000,2.000000,2.000000,Alert
2.000000,-60.000000,5.000000,0.000000,5.000000,Drowsy
2.000000,-55.000000,6.000000,1.000000,7.000000,Drowsy
2.000000,-50.000000,8.000000,0.000000,8.000000,Drowsy
2.000000,-45.000000,14.000000,2.000000,16.000000,Drowsy
2.000000,-40.000000,7.000000,0.000000,7.000000,Drowsy
2.000000,-35.000000,8.000000,0.000000,8.000000,Drowsy
2.000000,-30.000000,3.000000,1.000000,4.000000,Drowsy
2.000000,-25.000000,8.000000,1.000000,9.000000,Drowsy
2.000000,-20.000000,3.000000,2.000000,5.000000,Drowsy
2.000000,-15.000000,3.000000,2.000000,5.000000,Drowsy
2.000000,-10.000000,8.000000,6.000000,14.000000,Drowsy
2.000000,-5.000000,13.000000,13.000000,26.000000,Drowsy
2.000000,0.000000,5.000000,11.000000,16.000000,Drowsy
2.000000,5.000000,1.000000,12.000000,13.000000,Drowsy
2.000000,10.000000,0.000000,14.000000,14.000000,Drowsy
2.000000,15.000000,0.000000,8.000000,8.000000,Drowsy
2.000000,20.000000,1.000000,8.000000,9.000000,Drowsy
2.000000,25.000000,0.000000,12.000000,12.000000,Drowsy
2.000000,30.000000,0.000000,5.000000,5.000000,Drowsy
2.000000,35.000000,0.000000,7.000000,7.000000,Drowsy
2.000000,40.000000,0.000000,9.000000,9.000000,Drowsy
2.000000,45.000000,1.000000,13.000000,14.000000,Drowsy
2.000000,50.000000,0.000000,13.000000,13.000000,Drowsy
2.000000,55.000000,1.000000,10.000000,11.000000,Drowsy
2.000000,60.000000,0.000000,12.000000,12.000000,Drowsy
4.000000,-60.000000,2.000000,0.000000,2.000000,Alert
4.000000,-55.000000,2.000000,0.000000,2.000000,Alert
4.000000,-50.000000,2.000000,0.000000,2.000000,Alert
4.000000,-45.000000,4.000000,0.000000,4.000000,Alert
4.000000,-40.000000,2.000000,0.000000,2.000000,Alert
4.000000,-35.000000,4.000000,0.000000,4.000000,Alert
4.000000,-30.000000,4.000000,0.000000,4.000000,Alert
4.000000,-25.000000,8.000000,0.000000,8.000000,Alert
4.000000,-20.000000,4.000000,0.000000,4.000000,Alert
4.000000,-15.000000,4.000000,0.000000,4.000000,Alert
4.000000,-10.000000,8.000000,0.000000,8.000000,Alert
4.000000,-5.000000,12.000000,0.000000,12.000000,Alert
4.000000,0.000000,9.000000,3.000000,12.000000,Alert
4.000000,5.000000,7.000000,5.000000,12.000000,Alert
4.000000,10.000000,3.000000,5.000000,8.000000,Alert
4.000000,15.000000,0.000000,4.000000,4.000000,Alert
4.000000,20.000000,0.000000,4.000000,4.000000,Alert
4.000000,25.000000,0.000000,8.000000,8.000000,Alert
4.000000,30.000000,0.000000,4.000000,4.000000,Alert
4.000000,35.000000,0.000000,4.000000,4.000000,Alert
4.000000,40.000000,0.000000,2.000000,2.000000,Alert
4.000000,45.000000,0.000000,4.000000,4.000000,Alert
4.000000,50.000000,0.000000,2.000000,2.000000,Alert
4.000000,55.000000,0.000000,2.000000,2.000000,Alert
4.000000,60.000000,0.000000,2.000000,2.000000,Alert
4.000000,-60.000000,13.000000,0.000000,13.000000,Drowsy
4.000000,-55.000000,15.000000,1.000000,16.000000,Drowsy
4.000000,-50.000000,12.000000,2.000000,14.000000,Drowsy
4.000000,-45.000000,31.000000,1.000000,32.000000,Drowsy
4.000000,-40.000000,18.000000,0.000000,18.000000,Drowsy
4.000000,-35.000000,14.000000,0.000000,14.000000,Drowsy
4.000000,-30.000000,13.000000,0.000000,13.000000,Drowsy
4.000000,-25.000000,22.000000,0.000000,22.000000,Drowsy
4.000000,-20.000000,18.000000,0.000000,18.000000,Drowsy
4.000000,-15.000000,14.000000,1.000000,15.000000,Drowsy
4.000000,-10.000000,33.000000,0.000000,33.000000,Drowsy
4.000000,-5.000000,38.000000,3.000000,41.000000,Drowsy
4.000000,0.000000,36.000000,6.000000,42.000000,Drowsy
4.000000,5.000000,26.000000,16.000000,42.000000,Drowsy
4.000000,10.000000,11.000000,18.000000,29.000000,Drowsy
4.000000,15.000000,2.000000,12.000000,14.000000,Drowsy
4.000000,20.000000,1.000000,11.000000,12.000000,Drowsy
4.000000,25.000000,3.000000,26.000000,29.000000,Drowsy
4.000000,30.000000,0.000000,14.000000,14.000000,Drowsy
4.000000,35.000000,0.000000,11.000000,11.000000,Drowsy
4.000000,40.000000,1.000000,16.000000,17.000000,Drowsy
4.000000,45.000000,4.000000,25.000000,29.000000,Drowsy
4.000000,50.000000,0.000000,16.000000,16.000000,Drowsy
4.000000,55.000000,1.000000,11.000000,12.000000,Drowsy
4.000000,60.000000,1.000000,8.000000,9.000000,Drowsy
5.000000,-60.000000,2.000000,0.000000,2.000000,Alert
5.000000,-55.000000,2.000000,0.000000,2.000000,Alert
5.000000,-50.000000,2.000000,0.000000,2.000000,Alert
5.000000,-45.000000,4.000000,0.000000,4.000000,Alert
5.000000,-40.000000,2.000000,0.000000,2.000000,Alert
5.000000,-35.000000,4.000000,0.000000,4.000000,Alert
5.000000,-30.000000,4.000000,0.000000,4.000000,Alert
5.000000,-25.000000,8.000000,0.000000,8.000000,Alert
5.000000,-20.000000,4.000000,0.000000,4.000000,Alert
5.000000,-15.000000,4.000000,0.000000,4.000000,Alert
5.000000,-10.000000,7.000000,1.000000,8.000000,Alert
5.000000,-5.000000,11.000000,1.000000,12.000000,Alert
5.000000,0.000000,8.000000,4.000000,12.000000,Alert
5.000000,5.000000,3.000000,9.000000,12.000000,Alert
5.000000,10.000000,0.000000,8.000000,8.000000,Alert
5.000000,15.000000,0.000000,4.000000,4.000000,Alert
5.000000,20.000000,0.000000,4.000000,4.000000,Alert
5.000000,25.000000,0.000000,8.000000,8.000000,Alert
5.000000,30.000000,0.000000,4.000000,4.000000,Alert
5.000000,35.000000,0.000000,4.000000,4.000000,Alert
5.000000,40.000000,0.000000,2.000000,2.000000,Alert
5.000000,45.000000,0.000000,4.000000,4.000000,Alert
5.000000,50.000000,0.000000,2.000000,2.000000,Alert
5.000000,55.000000,1.000000,1.000000,2.000000,Alert
5.000000,60.000000,0.000000,2.000000,2.000000,Alert
5.000000,-60.000000,15.000000,0.000000,15.000000,Drowsy
5.000000,-55.000000,11.000000,3.000000,14.000000,Drowsy
5.000000,-50.000000,11.000000,1.000000,12.000000,Drowsy
5.000000,-45.000000,22.000000,6.000000,28.000000,Drowsy
5.000000,-40.000000,11.000000,1.000000,12.000000,Drowsy
5.000000,-35.000000,11.000000,1.000000,12.000000,Drowsy
5.000000,-30.000000,6.000000,3.000000,9.000000,Drowsy
5.000000,-25.000000,24.000000,4.000000,28.000000,Drowsy
5.000000,-20.000000,11.000000,3.000000,14.000000,Drowsy
5.000000,-15.000000,15.000000,2.000000,17.000000,Drowsy
5.000000,-10.000000,20.000000,8.000000,28.000000,Drowsy
5.000000,-5.000000,21.000000,13.000000,34.000000,Drowsy
5.000000,0.000000,7.000000,34.000000,41.000000,Drowsy
5.000000,5.000000,2.000000,38.000000,40.000000,Drowsy
5.000000,10.000000,2.000000,27.000000,29.000000,Drowsy
5.000000,15.000000,1.000000,15.000000,16.000000,Drowsy
5.000000,20.000000,0.000000,13.000000,13.000000,Drowsy
5.000000,25.000000,0.000000,29.000000,29.000000,Drowsy
5.000000,30.000000,0.000000,14.000000,14.000000,Drowsy
5.000000,35.000000,1.000000,12.000000,13.000000,Drowsy
5.000000,40.000000,0.000000,15.000000,15.000000,Drowsy
5.000000,45.000000,0.000000,26.000000,26.000000,Drowsy
5.000000,50.000000,0.000000,14.000000,14.000000,Drowsy
5.000000,55.000000,3.000000,11.000000,14.000000,Drowsy
5.000000,60.000000,0.000000,15.000000,15.000000,Drowsy
6.000000,-60.000000,2.000000,0.000000,2.000000,Alert
6.000000,-55.000000,1.000000,0.000000,1.000000,Alert
6.000000,-50.000000,2.000000,0.000000,2.000000,Alert
6.000000,-45.000000,4.000000,0.000000,4.000000,Alert
6.000000,-40.000000,2.000000,0.000000,2.000000,Alert
6.000000,-35.000000,4.000000,0.000000,4.000000,Alert
6.000000,-30.000000,4.000000,0.000000,4.000000,Alert
6.000000,-25.000000,8.000000,0.000000,8.000000,Alert
6.000000,-20.000000,4.000000,0.000000,4.000000,Alert
6.000000,-15.000000,4.000000,0.000000,4.000000,Alert
6.000000,-10.000000,6.000000,2.000000,8.000000,Alert
6.000000,-5.000000,7.000000,5.000000,12.000000,Alert
6.000000,0.000000,7.000000,5.000000,12.000000,Alert
6.000000,5.000000,2.000000,9.000000,11.000000,Alert
6.000000,10.000000,2.000000,6.000000,8.000000,Alert
6.000000,15.000000,0.000000,3.000000,3.000000,Alert
6.000000,20.000000,0.000000,4.000000,4.000000,Alert
6.000000,25.000000,0.000000,8.000000,8.000000,Alert
6.000000,30.000000,0.000000,4.000000,4.000000,Alert
6.000000,35.000000,0.000000,4.000000,4.000000,Alert
6.000000,40.000000,0.000000,2.000000,2.000000,Alert
6.000000,45.000000,0.000000,4.000000,4.000000,Alert
6.000000,50.000000,0.000000,2.000000,2.000000,Alert
6.000000,55.000000,0.000000,2.000000,2.000000,Alert
6.000000,60.000000,0.000000,2.000000,2.000000,Alert
6.000000,-60.000000,12.000000,1.000000,13.000000,Drowsy
6.000000,-55.000000,12.000000,2.000000,14.000000,Drowsy
6.000000,-50.000000,12.000000,0.000000,12.000000,Drowsy
6.000000,-45.000000,21.000000,2.000000,23.000000,Drowsy
6.000000,-40.000000,11.000000,0.000000,11.000000,Drowsy
6.000000,-35.000000,9.000000,0.000000,9.000000,Drowsy
6.000000,-30.000000,14.000000,1.000000,15.000000,Drowsy
6.000000,-25.000000,19.000000,5.000000,24.000000,Drowsy
6.000000,-20.000000,9.000000,0.000000,9.000000,Drowsy
6.000000,-15.000000,7.000000,2.000000,9.000000,Drowsy
6.000000,-10.000000,15.000000,6.000000,21.000000,Drowsy
6.000000,-5.000000,23.000000,6.000000,29.000000,Drowsy
6.000000,0.000000,9.000000,20.000000,29.000000,Drowsy
6.000000,5.000000,7.000000,22.000000,29.000000,Drowsy
6.000000,10.000000,4.000000,16.000000,20.000000,Drowsy
6.000000,15.000000,0.000000,11.000000,11.000000,Drowsy
6.000000,20.000000,0.000000,7.000000,7.000000,Drowsy
6.000000,25.000000,1.000000,14.000000,15.000000,Drowsy
6.000000,30.000000,1.000000,9.000000,10.000000,Drowsy
6.000000,35.000000,0.000000,11.000000,11.000000,Drowsy
6.000000,40.000000,1.000000,12.000000,13.000000,Drowsy
6.000000,45.000000,2.000000,20.000000,22.000000,Drowsy
6.000000,50.000000,0.000000,11.000000,11.000000,Drowsy
6.000000,55.000000,0.000000,14.000000,14.000000,Drowsy
6.000000,60.000000,0.000000,13.000000,13.000000,Drowsy
7.000000,-60.000000,2.000000,0.000000,2.000000,Alert
7.000000,-55.000000,2.000000,0.000000,2.000000,Alert
7.000000,-50.000000,2.000000,0.000000,2.000000,Alert
7.000000,-45.000000,4.000000,0.000000,4.000000,Alert
7.000000,-40.000000,2.000000,0.000000,2.000000,Alert
7.000000,-35.000000,4.000000,0.000000,4.000000,Alert
7.000000,-30.000000,4.000000,0.000000,4.000000,Alert
7.000000,-25.000000,8.000000,0.000000,8.000000,Alert
7.000000,-20.000000,4.000000,0.000000,4.000000,Alert
7.000000,-15.000000,4.000000,0.000000,4.000000,Alert
7.000000,-10.000000,8.000000,0.000000,8.000000,Alert
7.000000,-5.000000,11.000000,1.000000,12.000000,Alert
7.000000,0.000000,4.000000,7.000000,11.000000,Alert
7.000000,5.000000,5.000000,5.000000,10.000000,Alert
7.000000,10.000000,1.000000,7.000000,8.000000,Alert
7.000000,15.000000,0.000000,4.000000,4.000000,Alert
7.000000,20.000000,0.000000,4.000000,4.000000,Alert
7.000000,25.000000,0.000000,8.000000,8.000000,Alert
7.000000,30.000000,0.000000,4.000000,4.000000,Alert
7.000000,35.000000,0.000000,4.000000,4.000000,Alert
7.000000,40.000000,0.000000,2.000000,2.000000,Alert
7.000000,45.000000,0.000000,4.000000,4.000000,Alert
7.000000,50.000000,0.000000,2.000000,2.000000,Alert
7.000000,55.000000,0.000000,2.000000,2.000000,Alert
7.000000,60.000000,0.000000,2.000000,2.000000,Alert
7.000000,-60.000000,14.000000,1.000000,15.000000,Drowsy
7.000000,-55.000000,11.000000,0.000000,11.000000,Drowsy
7.000000,-50.000000,12.000000,0.000000,12.000000,Drowsy
7.000000,-45.000000,21.000000,1.000000,22.000000,Drowsy
7.000000,-40.000000,12.000000,0.000000,12.000000,Drowsy
7.000000,-35.000000,10.000000,0.000000,10.000000,Drowsy
7.000000,-30.000000,11.000000,0.000000,11.000000,Drowsy
7.000000,-25.000000,19.000000,1.000000,20.000000,Drowsy
7.000000,-20.000000,11.000000,2.000000,13.000000,Drowsy
7.000000,-15.000000,14.000000,1.000000,15.000000,Drowsy
7.000000,-10.000000,20.000000,4.000000,24.000000,Drowsy
7.000000,-5.000000,32.000000,9.000000,41.000000,Drowsy
7.000000,0.000000,17.000000,18.000000,35.000000,Drowsy
7.000000,5.000000,12.000000,25.000000,37.000000,Drowsy
7.000000,10.000000,7.000000,18.000000,25.000000,Drowsy
7.000000,15.000000,0.000000,8.000000,8.000000,Drowsy
7.000000,20.000000,0.000000,9.000000,9.000000,Drowsy
7.000000,25.000000,1.000000,25.000000,26.000000,Drowsy
7.000000,30.000000,0.000000,10.000000,10.000000,Drowsy
7.000000,35.000000,0.000000,13.000000,13.000000,Drowsy
7.000000,40.000000,0.000000,12.000000,12.000000,Drowsy
7.000000,45.000000,2.000000,25.000000,27.000000,Drowsy
7.000000,50.000000,0.000000,12.000000,12.000000,Drowsy
7.000000,55.000000,0.000000,13.000000,13.000000,Drowsy
7.000000,60.000000,0.000000,13.000000,13.000000,Drowsy
9.000000,-60.000000,2.000000,0.000000,2.000000,Alert
9.000000,-55.000000,2.000000,0.000000,2.000000,Alert
9.000000,-50.000000,2.000000,0.000000,2.000000,Alert
9.000000,-45.000000,4.000000,0.000000,4.000000,Alert
9.000000,-40.000000,2.000000,0.000000,2.000000,Alert
9.000000,-35.000000,4.000000,0.000000,4.000000,Alert
9.000000,-30.000000,4.000000,0.000000,4.000000,Alert
9.000000,-25.000000,8.000000,0.000000,8.000000,Alert
9.000000,-20.000000,4.000000,0.000000,4.000000,Alert
9.000000,-15.000000,4.000000,0.000000,4.000000,Alert
9.000000,-10.000000,7.000000,1.000000,8.000000,Alert
9.000000,-5.000000,10.000000,2.000000,12.000000,Alert
9.000000,0.000000,6.000000,6.000000,12.000000,Alert
9.000000,5.000000,4.000000,8.000000,12.000000,Alert
9.000000,10.000000,0.000000,8.000000,8.000000,Alert
9.000000,15.000000,0.000000,4.000000,4.000000,Alert
9.000000,20.000000,0.000000,4.000000,4.000000,Alert
9.000000,25.000000,0.000000,8.000000,8.000000,Alert
9.000000,30.000000,0.000000,4.000000,4.000000,Alert
9.000000,35.000000,0.000000,4.000000,4.000000,Alert
9.000000,40.000000,0.000000,2.000000,2.000000,Alert
9.000000,45.000000,0.000000,4.000000,4.000000,Alert
9.000000,50.000000,0.000000,2.000000,2.000000,Alert
9.000000,55.000000,0.000000,2.000000,2.000000,Alert
9.000000,60.000000,0.000000,2.000000,2.000000,Alert
9.000000,-60.000000,3.000000,0.000000,3.000000,Drowsy
9.000000,-55.000000,6.000000,1.000000,7.000000,Drowsy
9.000000,-50.000000,4.000000,1.000000,5.000000,Drowsy
9.000000,-45.000000,10.000000,1.000000,11.000000,Drowsy
9.000000,-40.000000,2.000000,0.000000,2.000000,Drowsy
9.000000,-35.000000,5.000000,0.000000,5.000000,Drowsy
9.000000,-30.000000,7.000000,0.000000,7.000000,Drowsy
9.000000,-25.000000,10.000000,1.000000,11.000000,Drowsy
9.000000,-20.000000,11.000000,0.000000,11.000000,Drowsy
9.000000,-15.000000,5.000000,1.000000,6.000000,Drowsy
9.000000,-10.000000,8.000000,3.000000,11.000000,Drowsy
9.000000,-5.000000,12.000000,5.000000,17.000000,Drowsy
9.000000,0.000000,13.000000,7.000000,20.000000,Drowsy
9.000000,5.000000,5.000000,7.000000,12.000000,Drowsy
9.000000,10.000000,8.000000,6.000000,14.000000,Drowsy
9.000000,15.000000,3.000000,2.000000,5.000000,Drowsy
9.000000,20.000000,1.000000,4.000000,5.000000,Drowsy
9.000000,25.000000,6.000000,4.000000,10.000000,Drowsy
9.000000,30.000000,1.000000,4.000000,5.000000,Drowsy
9.000000,35.000000,2.000000,3.000000,5.000000,Drowsy
9.000000,40.000000,1.000000,8.000000,9.000000,Drowsy
9.000000,45.000000,7.000000,4.000000,11.000000,Drowsy
9.000000,50.000000,2.000000,4.000000,6.000000,Drowsy
9.000000,55.000000,4.000000,1.000000,5.000000,Drowsy
9.000000,60.000000,5.000000,3.000000,8.000000,Drowsy
10.000000,-60.000000,2.000000,0.000000,2.000000,Alert
10.000000,-55.000000,2.000000,0.000000,2.000000,Alert
10.000000,-50.000000,2.000000,0.000000,2.000000,Alert
10.000000,-45.000000,4.000000,0.000000,4.000000,Alert
10.000000,-40.000000,2.000000,0.000000,2.000000,Alert
10.000000,-35.000000,4.000000,0.000000,4.000000,Alert
10.000000,-30.000000,4.000000,0.000000,4.000000,Alert
10.000000,-25.000000,8.000000,0.000000,8.000000,Alert
10.000000,-20.000000,4.000000,0.000000,4.000000,Alert
10.000000,-15.000000,4.000000,0.000000,4.000000,Alert
10.000000,-10.000000,8.000000,0.000000,8.000000,Alert
10.000000,-5.000000,12.000000,0.000000,12.000000,Alert
10.000000,0.000000,11.000000,1.000000,12.000000,Alert
10.000000,5.000000,3.000000,9.000000,12.000000,Alert
10.000000,10.000000,2.000000,6.000000,8.000000,Alert
10.000000,15.000000,0.000000,4.000000,4.000000,Alert
10.000000,20.000000,0.000000,4.000000,4.000000,Alert
10.000000,25.000000,0.000000,8.000000,8.000000,Alert
10.000000,30.000000,0.000000,4.000000,4.000000,Alert
10.000000,35.000000,0.000000,4.000000,4.000000,Alert
10.000000,40.000000,0.000000,2.000000,2.000000,Alert
10.000000,45.000000,0.000000,4.000000,4.000000,Alert
10.000000,50.000000,0.000000,2.000000,2.000000,Alert
10.000000,55.000000,0.000000,2.000000,2.000000,Alert
10.000000,60.000000,0.000000,2.000000,2.000000,Alert
10.000000,-60.000000,5.000000,0.000000,5.000000,Drowsy
10.000000,-55.000000,3.000000,0.000000,3.000000,Drowsy
10.000000,-50.000000,6.000000,0.000000,6.000000,Drowsy
10.000000,-45.000000,13.000000,0.000000,13.000000,Drowsy
10.000000,-40.000000,10.000000,0.000000,10.000000,Drowsy
10.000000,-35.000000,8.000000,0.000000,8.000000,Drowsy
10.000000,-30.000000,7.000000,0.000000,7.000000,Drowsy
10.000000,-25.000000,12.000000,0.000000,12.000000,Drowsy
10.000000,-20.000000,5.000000,0.000000,5.000000,Drowsy
10.000000,-15.000000,5.000000,0.000000,5.000000,Drowsy
10.000000,-10.000000,13.000000,0.000000,13.000000,Drowsy
10.000000,-5.000000,9.000000,1.000000,10.000000,Drowsy
10.000000,0.000000,13.000000,10.000000,23.000000,Drowsy
10.000000,5.000000,2.000000,20.000000,22.000000,Drowsy
10.000000,10.000000,0.000000,15.000000,15.000000,Drowsy
10.000000,15.000000,0.000000,5.000000,5.000000,Drowsy
10.000000,20.000000,0.000000,8.000000,8.000000,Drowsy
10.000000,25.000000,0.000000,9.000000,9.000000,Drowsy
10.000000,30.000000,0.000000,7.000000,7.000000,Drowsy
10.000000,35.000000,0.000000,6.000000,6.000000,Drowsy
10.000000,40.000000,0.000000,8.000000,8.000000,Drowsy
10.000000,45.000000,0.000000,14.000000,14.000000,Drowsy
10.000000,50.000000,0.000000,10.000000,10.000000,Drowsy
10.000000,55.000000,0.000000,5.000000,5.000000,Drowsy
10.000000,60.000000,0.000000,11.000000,11.000000,Drowsy
20.000000,-60.000000,2.000000,0.000000,2.000000,Alert
20.000000,-55.000000,2.000000,0.000000,2.000000,Alert
20.000000,-50.000000,2.000000,0.000000,2.000000,Alert
20.000000,-45.000000,2.000000,0.000000,2.000000,Alert
20.000000,-40.000000,1.000000,0.000000,1.000000,Alert
20.000000,-35.000000,4.000000,0.000000,4.000000,Alert
20.000000,-30.000000,3.000000,0.000000,3.000000,Alert
20.000000,-25.000000,8.000000,0.000000,8.000000,Alert
20.000000,-20.000000,4.000000,0.000000,4.000000,Alert
20.000000,-15.000000,3.000000,1.000000,4.000000,Alert
20.000000,-10.000000,5.000000,2.000000,7.000000,Alert
20.000000,-5.000000,9.000000,1.000000,10.000000,Alert
20.000000,0.000000,6.000000,6.000000,12.000000,Alert
20.000000,5.000000,2.000000,9.000000,11.000000,Alert
20.000000,10.000000,0.000000,8.000000,8.000000,Alert
20.000000,15.000000,0.000000,4.000000,4.000000,Alert
20.000000,20.000000,0.000000,2.000000,2.000000,Alert
20.000000,25.000000,0.000000,7.000000,7.000000,Alert
20.000000,30.000000,0.000000,3.000000,3.000000,Alert
20.000000,35.000000,0.000000,3.000000,3.000000,Alert
20.000000,40.000000,0.000000,2.000000,2.000000,Alert
20.000000,45.000000,0.000000,3.000000,3.000000,Alert
20.000000,50.000000,0.000000,0.000000,0.000000,Alert
20.000000,55.000000,0.000000,2.000000,2.000000,Alert
20.000000,60.000000,0.000000,1.000000,1.000000,Alert
20.000000,-60.000000,9.000000,0.000000,9.000000,Drowsy
20.000000,-55.000000,5.000000,0.000000,5.000000,Drowsy
20.000000,-50.000000,9.000000,0.000000,9.000000,Drowsy
20.000000,-45.000000,15.000000,5.000000,20.000000,Drowsy
20.000000,-40.000000,8.000000,0.000000,8.000000,Drowsy
20.000000,-35.000000,9.000000,1.000000,10.000000,Drowsy
20.000000,-30.000000,11.000000,0.000000,11.000000,Drowsy
20.000000,-25.000000,17.000000,2.000000,19.000000,Drowsy
20.000000,-20.000000,6.000000,1.000000,7.000000,Drowsy
20.000000,-15.000000,5.000000,2.000000,7.000000,Drowsy
20.000000,-10.000000,8.000000,6.000000,14.000000,Drowsy
20.000000,-5.000000,10.000000,10.000000,20.000000,Drowsy
20.000000,0.000000,8.000000,14.000000,22.000000,Drowsy
20.000000,5.000000,3.000000,22.000000,25.000000,Drowsy
20.000000,10.000000,1.000000,14.000000,15.000000,Drowsy
20.000000,15.000000,0.000000,7.000000,7.000000,Drowsy
20.000000,20.000000,0.000000,11.000000,11.000000,Drowsy
20.000000,25.000000,0.000000,22.000000,22.000000,Drowsy
20.000000,30.000000,0.000000,7.000000,7.000000,Drowsy
20.000000,35.000000,0.000000,6.000000,6.000000,Drowsy
20.000000,40.000000,0.000000,6.000000,6.000000,Drowsy
20.000000,45.000000,0.000000,14.000000,14.000000,Drowsy
20.000000,50.000000,0.000000,9.000000,9.000000,Drowsy
20.000000,55.000000,0.000000,9.000000,9.000000,Drowsy
20.000000,60.000000,0.000000,5.000000,5.000000,Drowsy
21.000000,-60.000000,2.000000,0.000000,2.000000,Alert
21.000000,-55.000000,2.000000,0.000000,2.000000,Alert
21.000000,-50.000000,2.000000,0.000000,2.000000,Alert
21.000000,-45.000000,4.000000,0.000000,4.000000,Alert
21.000000,-40.000000,2.000000,0.000000,2.000000,Alert
21.000000,-35.000000,4.000000,0.000000,4.000000,Alert
21.000000,-30.000000,4.000000,0.000000,4.000000,Alert
21.000000,-25.000000,8.000000,0.000000,8.000000,Alert
21.000000,-20.000000,3.000000,1.000000,4.000000,Alert
21.000000,-15.000000,3.000000,1.000000,4.000000,Alert
21.000000,-10.000000,6.000000,1.000000,7.000000,Alert
21.000000,-5.000000,6.000000,6.000000,12.000000,Alert
21.000000,0.000000,4.000000,8.000000,12.000000,Alert
21.000000,5.000000,1.000000,11.000000,12.000000,Alert
21.000000,10.000000,1.000000,7.000000,8.000000,Alert
21.000000,15.000000,0.000000,4.000000,4.000000,Alert
21.000000,20.000000,0.000000,4.000000,4.000000,Alert
21.000000,25.000000,0.000000,8.000000,8.000000,Alert
21.000000,30.000000,0.000000,4.000000,4.000000,Alert
21.000000,35.000000,0.000000,4.000000,4.000000,Alert
21.000000,40.000000,0.000000,2.000000,2.000000,Alert
21.000000,45.000000,0.000000,4.000000,4.000000,Alert
21.000000,50.000000,0.000000,2.000000,2.000000,Alert
21.000000,55.000000,0.000000,2.000000,2.000000,Alert
21.000000,60.000000,0.000000,2.000000,2.000000,Alert
21.000000,-60.000000,12.000000,1.000000,13.000000,Drowsy
21.000000,-55.000000,10.000000,1.000000,11.000000,Drowsy
21.000000,-50.000000,10.000000,3.000000,13.000000,Drowsy
21.000000,-45.000000,22.000000,4.000000,26.000000,Drowsy
21.000000,-40.000000,11.000000,0.000000,11.000000,Drowsy
21.000000,-35.000000,11.000000,3.000000,14.000000,Drowsy
21.000000,-30.000000,9.000000,2.000000,11.000000,Drowsy
21.000000,-25.000000,21.000000,8.000000,29.000000,Drowsy
21.000000,-20.000000,7.000000,6.000000,13.000000,Drowsy
21.000000,-15.000000,11.000000,2.000000,13.000000,Drowsy
21.000000,-10.000000,9.000000,10.000000,19.000000,Drowsy
21.000000,-5.000000,17.000000,16.000000,33.000000,Drowsy
21.000000,0.000000,17.000000,22.000000,39.000000,Drowsy
21.000000,5.000000,12.000000,22.000000,34.000000,Drowsy
21.000000,10.000000,8.000000,14.000000,22.000000,Drowsy
21.000000,15.000000,1.000000,8.000000,9.000000,Drowsy
21.000000,20.000000,1.000000,9.000000,10.000000,Drowsy
21.000000,25.000000,5.000000,19.000000,24.000000,Drowsy
21.000000,30.000000,3.000000,12.000000,15.000000,Drowsy
21.000000,35.000000,2.000000,13.000000,15.000000,Drowsy
21.000000,40.000000,1.000000,14.000000,15.000000,Drowsy
21.000000,45.000000,1.000000,31.000000,32.000000,Drowsy
21.000000,50.000000,0.000000,13.000000,13.000000,Drowsy
21.000000,55.000000,0.000000,13.000000,13.000000,Drowsy
21.000000,60.000000,1.000000,13.000000,14.000000,Drowsy
22.000000,-60.000000,2.000000,0.000000,2.000000,Alert
22.000000,-55.000000,2.000000,0.000000,2.000000,Alert
22.000000,-50.000000,2.000000,0.000000,2.000000,Alert
22.000000,-45.000000,3.000000,0.000000,3.000000,Alert
22.000000,-40.000000,2.000000,0.000000,2.000000,Alert
22.000000,-35.000000,4.000000,0.000000,4.000000,Alert
22.000000,-30.000000,1.000000,0.000000,1.000000,Alert
22.000000,-25.000000,5.000000,0.000000,5.000000,Alert
22.000000,-20.000000,3.000000,0.000000,3.000000,Alert
22.000000,-15.000000,1.000000,0.000000,1.000000,Alert
22.000000,-10.000000,3.000000,0.000000,3.000000,Alert
22.000000,-5.000000,2.000000,0.000000,2.000000,Alert
22.000000,0.000000,1.000000,0.000000,1.000000,Alert
22.000000,5.000000,0.000000,0.000000,0.000000,Alert
22.000000,10.000000,0.000000,0.000000,0.000000,Alert
22.000000,15.000000,0.000000,1.000000,1.000000,Alert
22.000000,20.000000,0.000000,0.000000,0.000000,Alert
22.000000,25.000000,0.000000,3.000000,3.000000,Alert
22.000000,30.000000,0.000000,1.000000,1.000000,Alert
22.000000,35.000000,0.000000,1.000000,1.000000,Alert
22.000000,40.000000,0.000000,0.000000,0.000000,Alert
22.000000,45.000000,0.000000,0.000000,0.000000,Alert
22.000000,50.000000,0.000000,2.000000,2.000000,Alert
22.000000,55.000000,0.000000,2.000000,2.000000,Alert
22.000000,60.000000,0.000000,1.000000,1.000000,Alert
22.000000,-60.000000,13.000000,0.000000,13.000000,Drowsy
22.000000,-55.000000,10.000000,0.000000,10.000000,Drowsy
22.000000,-50.000000,11.000000,0.000000,11.000000,Drowsy
22.000000,-45.000000,26.000000,0.000000,26.000000,Drowsy
22.000000,-40.000000,9.000000,0.000000,9.000000,Drowsy
22.000000,-35.000000,8.000000,0.000000,8.000000,Drowsy
22.000000,-30.000000,10.000000,0.000000,10.000000,Drowsy
22.000000,-25.000000,13.000000,0.000000,13.000000,Drowsy
22.000000,-20.000000,1.000000,0.000000,1.000000,Drowsy
22.000000,-15.000000,3.000000,0.000000,3.000000,Drowsy
22.000000,-10.000000,6.000000,0.000000,6.000000,Drowsy
22.000000,-5.000000,3.000000,0.000000,3.000000,Drowsy
22.000000,0.000000,1.000000,0.000000,1.000000,Drowsy
22.000000,5.000000,1.000000,0.000000,1.000000,Drowsy
22.000000,10.000000,0.000000,1.000000,1.000000,Drowsy
22.000000,15.000000,0.000000,0.000000,0.000000,Drowsy
22.000000,20.000000,0.000000,0.000000,0.000000,Drowsy
22.000000,25.000000,0.000000,2.000000,2.000000,Drowsy
22.000000,30.000000,0.000000,3.000000,3.000000,Drowsy
22.000000,35.000000,0.000000,4.000000,4.000000,Drowsy
22.000000,40.000000,0.000000,2.000000,2.000000,Drowsy
22.000000,45.000000,0.000000,11.000000,11.000000,Drowsy
22.000000,50.000000,0.000000,5.000000,5.000000,Drowsy
22.000000,55.000000,0.000000,7.000000,7.000000,Drowsy
22.000000,60.000000,0.000000,4.000000,4.000000,Drowsy
23.000000,-60.000000,2.000000,0.000000,2.000000,Alert
23.000000,-55.000000,2.000000,0.000000,2.000000,Alert
23.000000,-50.000000,2.000000,0.000000,2.000000,Alert
23.000000,-45.000000,3.000000,0.000000,3.000000,Alert
23.000000,-40.000000,2.000000,0.000000,2.000000,Alert
23.000000,-35.000000,3.000000,1.000000,4.000000,Alert
23.000000,-30.000000,4.000000,0.000000,4.000000,Alert
23.000000,-25.000000,7.000000,0.000000,7.000000,Alert
23.000000,-20.000000,3.000000,0.000000,3.000000,Alert
23.000000,-15.000000,4.000000,0.000000,4.000000,Alert
23.000000,-10.000000,8.000000,0.000000,8.000000,Alert
23.000000,-5.000000,6.000000,4.000000,10.000000,Alert
23.000000,0.000000,7.000000,4.000000,11.000000,Alert
23.000000,5.000000,3.000000,8.000000,11.000000,Alert
23.000000,10.000000,1.000000,7.000000,8.000000,Alert
23.000000,15.000000,0.000000,4.000000,4.000000,Alert
23.000000,20.000000,0.000000,4.000000,4.000000,Alert
23.000000,25.000000,0.000000,7.000000,7.000000,Alert
23.000000,30.000000,0.000000,4.000000,4.000000,Alert
23.000000,35.000000,0.000000,4.000000,4.000000,Alert
23.000000,40.000000,0.000000,2.000000,2.000000,Alert
23.000000,45.000000,0.000000,4.000000,4.000000,Alert
23.000000,50.000000,0.000000,2.000000,2.000000,Alert
23.000000,55.000000,0.000000,2.000000,2.000000,Alert
23.000000,60.000000,0.000000,2.000000,2.000000,Alert
23.000000,-60.000000,14.000000,0.000000,14.000000,Drowsy
23.000000,-55.000000,17.000000,0.000000,17.000000,Drowsy
23.000000,-50.000000,14.000000,1.000000,15.000000,Drowsy
23.000000,-45.000000,30.000000,0.000000,30.000000,Drowsy
23.000000,-40.000000,16.000000,0.000000,16.000000,Drowsy
23.000000,-35.000000,15.000000,0.000000,15.000000,Drowsy
23.000000,-30.000000,13.000000,0.000000,13.000000,Drowsy
23.000000,-25.000000,25.000000,2.000000,27.000000,Drowsy
23.000000,-20.000000,14.000000,2.000000,16.000000,Drowsy
23.000000,-15.000000,9.000000,4.000000,13.000000,Drowsy
23.000000,-10.000000,25.000000,5.000000,30.000000,Drowsy
23.000000,-5.000000,28.000000,14.000000,42.000000,Drowsy
23.000000,0.000000,26.000000,20.000000,46.000000,Drowsy
23.000000,5.000000,16.000000,33.000000,49.000000,Drowsy
23.000000,10.000000,15.000000,17.000000,32.000000,Drowsy
23.000000,15.000000,2.000000,13.000000,15.000000,Drowsy
23.000000,20.000000,7.000000,10.000000,17.000000,Drowsy
23.000000,25.000000,7.000000,30.000000,37.000000,Drowsy
23.000000,30.000000,4.000000,11.000000,15.000000,Drowsy
23.000000,35.000000,1.000000,14.000000,15.000000,Drowsy
23.000000,40.000000,0.000000,14.000000,14.000000,Drowsy
23.000000,45.000000,4.000000,28.000000,32.000000,Drowsy
23.000000,50.000000,0.000000,14.000000,14.000000,Drowsy
23.000000,55.000000,0.000000,14.000000,14.000000,Drowsy
23.000000,60.000000,0.000000,16.000000,16.000000,Drowsy
24.000000,-60.000000,2.000000,0.000000,2.000000,Alert
24.000000,-55.000000,2.000000,0.000000,2.000000,Alert
24.000000,-50.000000,2.000000,0.000000,2.000000,Alert
24.000000,-45.000000,4.000000,0.000000,4.000000,Alert
24.000000,-40.000000,2.000000,0.000000,2.000000,Alert
24.000000,-35.000000,4.000000,0.000000,4.000000,Alert
24.000000,-30.000000,4.000000,0.000000,4.000000,Alert
24.000000,-25.000000,7.000000,1.000000,8.000000,Alert
24.000000,-20.000000,4.000000,0.000000,4.000000,Alert
24.000000,-15.000000,3.000000,1.000000,4.000000,Alert
24.000000,-10.000000,4.000000,4.000000,8.000000,Alert
24.000000,-5.000000,5.000000,7.000000,12.000000,Alert
24.000000,0.000000,3.000000,9.000000,12.000000,Alert
24.000000,5.000000,1.000000,10.000000,11.000000,Alert
24.000000,10.000000,1.000000,7.000000,8.000000,Alert
24.000000,15.000000,0.000000,4.000000,4.000000,Alert
24.000000,20.000000,0.000000,4.000000,4.000000,Alert
24.000000,25.000000,0.000000,8.000000,8.000000,Alert
24.000000,30.000000,0.000000,4.000000,4.000000,Alert
24.000000,35.000000,1.000000,3.000000,4.000000,Alert
24.000000,40.000000,0.000000,2.000000,2.000000,Alert
24.000000,45.000000,0.000000,4.000000,4.000000,Alert
24.000000,50.000000,0.000000,2.000000,2.000000,Alert
24.000000,55.000000,0.000000,2.000000,2.000000,Alert
24.000000,60.000000,0.000000,2.000000,2.000000,Alert
24.000000,-60.000000,2.000000,1.000000,3.000000,Drowsy
24.000000,-55.000000,3.000000,5.000000,8.000000,Drowsy
24.000000,-50.000000,0.000000,5.000000,5.000000,Drowsy
24.000000,-45.000000,3.000000,3.000000,6.000000,Drowsy
24.000000,-40.000000,0.000000,4.000000,4.000000,Drowsy
24.000000,-35.000000,3.000000,3.000000,6.000000,Drowsy
24.000000,-30.000000,1.000000,5.000000,6.000000,Drowsy
24.000000,-25.000000,1.000000,10.000000,11.000000,Drowsy
24.000000,-20.000000,2.000000,5.000000,7.000000,Drowsy
24.000000,-15.000000,2.000000,2.000000,4.000000,Drowsy
24.000000,-10.000000,4.000000,2.000000,6.000000,Drowsy
24.000000,-5.000000,4.000000,11.000000,15.000000,Drowsy
24.000000,0.000000,3.000000,11.000000,14.000000,Drowsy
24.000000,5.000000,0.000000,8.000000,8.000000,Drowsy
24.000000,10.000000,2.000000,13.000000,15.000000,Drowsy
24.000000,15.000000,0.000000,3.000000,3.000000,Drowsy
24.000000,20.000000,0.000000,5.000000,5.000000,Drowsy
24.000000,25.000000,0.000000,10.000000,10.000000,Drowsy
24.000000,30.000000,0.000000,4.000000,4.000000,Drowsy
24.000000,35.000000,0.000000,2.000000,2.000000,Drowsy
24.000000,40.000000,0.000000,7.000000,7.000000,Drowsy
24.000000,45.000000,0.000000,9.000000,9.000000,Drowsy
24.000000,50.000000,0.000000,4.000000,4.000000,Drowsy
24.000000,55.000000,0.000000,5.000000,5.000000,Drowsy
24.000000,60.000000,0.000000,1.000000,1.000000,Drowsy
25.000000,-60.000000,2.000000,0.000000,2.000000,Alert
25.000000,-55.000000,2.000000,0.000000,2.000000,Alert
25.000000,-50.000000,2.000000,0.000000,2.000000,Alert
25.000000,-45.000000,2.000000,0.000000,2.000000,Alert
25.000000,-40.000000,2.000000,0.000000,2.000000,Alert
25.000000,-35.000000,4.000000,0.000000,4.000000,Alert
25.000000,-30.000000,4.000000,0.000000,4.000000,Alert
25.000000,-25.000000,8.000000,0.000000,8.000000,Alert
25.000000,-20.000000,4.000000,0.000000,4.000000,Alert
25.000000,-15.000000,3.000000,0.000000,3.000000,Alert
25.000000,-10.000000,6.000000,2.000000,8.000000,Alert
25.000000,-5.000000,6.000000,6.000000,12.000000,Alert
25.000000,0.000000,7.000000,5.000000,12.000000,Alert
25.000000,5.000000,0.000000,12.000000,12.000000,Alert
25.000000,10.000000,0.000000,8.000000,8.000000,Alert
25.000000,15.000000,1.000000,3.000000,4.000000,Alert
25.000000,20.000000,1.000000,3.000000,4.000000,Alert
25.000000,25.000000,0.000000,4.000000,4.000000,Alert
25.000000,30.000000,0.000000,4.000000,4.000000,Alert
25.000000,35.000000,0.000000,4.000000,4.000000,Alert
25.000000,40.000000,0.000000,2.000000,2.000000,Alert
25.000000,45.000000,1.000000,3.000000,4.000000,Alert
25.000000,50.000000,0.000000,2.000000,2.000000,Alert
25.000000,55.000000,0.000000,2.000000,2.000000,Alert
25.000000,60.000000,0.000000,2.000000,2.000000,Alert
25.000000,-60.000000,5.000000,0.000000,5.000000,Drowsy
25.000000,-55.000000,4.000000,0.000000,4.000000,Drowsy
25.000000,-50.000000,2.000000,0.000000,2.000000,Drowsy
25.000000,-45.000000,6.000000,0.000000,6.000000,Drowsy
25.000000,-40.000000,2.000000,0.000000,2.000000,Drowsy
25.000000,-35.000000,3.000000,0.000000,3.000000,Drowsy
25.000000,-30.000000,2.000000,0.000000,2.000000,Drowsy
25.000000,-25.000000,1.000000,0.000000,1.000000,Drowsy
25.000000,-20.000000,1.000000,1.000000,2.000000,Drowsy
25.000000,-15.000000,1.000000,0.000000,1.000000,Drowsy
25.000000,-10.000000,3.000000,1.000000,4.000000,Drowsy
25.000000,-5.000000,1.000000,3.000000,4.000000,Drowsy
25.000000,0.000000,5.000000,1.000000,6.000000,Drowsy
25.000000,5.000000,1.000000,7.000000,8.000000,Drowsy
25.000000,10.000000,0.000000,4.000000,4.000000,Drowsy
25.000000,15.000000,0.000000,0.000000,0.000000,Drowsy
25.000000,20.000000,0.000000,4.000000,4.000000,Drowsy
25.000000,25.000000,0.000000,1.000000,1.000000,Drowsy
25.000000,30.000000,0.000000,3.000000,3.000000,Drowsy
25.000000,35.000000,0.000000,0.000000,0.000000,Drowsy
25.000000,40.000000,0.000000,2.000000,2.000000,Drowsy
25.000000,45.000000,0.000000,3.000000,3.000000,Drowsy
25.000000,50.000000,0.000000,2.000000,2.000000,Drowsy
25.000000,55.000000,0.000000,0.000000,0.000000,Drowsy
25.000000,60.000000,0.000000,0.000000,0.000000,Drowsy
26.000000,-60.000000,1.000000,0.000000,1.000000,Alert
26.000000,-55.000000,2.000000,0.000000,2.000000,Alert
26.000000,-50.000000,2.000000,0.000000,2.000000,Alert
26.000000,-45.000000,2.000000,1.000000,3.000000,Alert
26.000000,-40.000000,2.000000,0.000000,2.000000,Alert
26.000000,-35.000000,3.000000,0.000000,3.000000,Alert
26.000000,-30.000000,4.000000,0.000000,4.000000,Alert
26.000000,-25.000000,7.000000,0.000000,7.000000,Alert
26.000000,-20.000000,4.000000,0.000000,4.000000,Alert
26.000000,-15.000000,3.000000,0.000000,3.000000,Alert
26.000000,-10.000000,6.000000,0.000000,6.000000,Alert
26.000000,-5.000000,8.000000,3.000000,11.000000,Alert
26.000000,0.000000,5.000000,3.000000,8.000000,Alert
26.000000,5.000000,0.000000,9.000000,9.000000,Alert
26.000000,10.000000,2.000000,4.000000,6.000000,Alert
26.000000,15.000000,0.000000,4.000000,4.000000,Alert
26.000000,20.000000,0.000000,3.000000,3.000000,Alert
26.000000,25.000000,0.000000,5.000000,5.000000,Alert
26.000000,30.000000,0.000000,3.000000,3.000000,Alert
26.000000,35.000000,0.000000,2.000000,2.000000,Alert
26.000000,40.000000,0.000000,1.000000,1.000000,Alert
26.000000,45.000000,0.000000,4.000000,4.000000,Alert
26.000000,50.000000,1.000000,1.000000,2.000000,Alert
26.000000,55.000000,0.000000,1.000000,1.000000,Alert
26.000000,60.000000,0.000000,1.000000,1.000000,Alert
26.000000,-60.000000,2.000000,0.000000,2.000000,Drowsy
26.000000,-55.000000,5.000000,0.000000,5.000000,Drowsy
26.000000,-50.000000,6.000000,0.000000,6.000000,Drowsy
26.000000,-45.000000,12.000000,1.000000,13.000000,Drowsy
26.000000,-40.000000,5.000000,1.000000,6.000000,Drowsy
26.000000,-35.000000,2.000000,1.000000,3.000000,Drowsy
26.000000,-30.000000,6.000000,3.000000,9.000000,Drowsy
26.000000,-25.000000,8.000000,2.000000,10.000000,Drowsy
26.000000,-20.000000,7.000000,3.000000,10.000000,Drowsy
26.000000,-15.000000,3.000000,2.000000,5.000000,Drowsy
26.000000,-10.000000,8.000000,6.000000,14.000000,Drowsy
26.000000,-5.000000,8.000000,11.000000,19.000000,Drowsy
26.000000,0.000000,6.000000,6.000000,12.000000,Drowsy
26.000000,5.000000,7.000000,14.000000,21.000000,Drowsy
26.000000,10.000000,0.000000,8.000000,8.000000,Drowsy
26.000000,15.000000,0.000000,1.000000,1.000000,Drowsy
26.000000,20.000000,0.000000,6.000000,6.000000,Drowsy
26.000000,25.000000,0.000000,13.000000,13.000000,Drowsy
26.000000,30.000000,0.000000,5.000000,5.000000,Drowsy
26.000000,35.000000,0.000000,5.000000,5.000000,Drowsy
26.000000,40.000000,0.000000,12.000000,12.000000,Drowsy
26.000000,45.000000,1.000000,6.000000,7.000000,Drowsy
26.000000,50.000000,0.000000,7.000000,7.000000,Drowsy
26.000000,55.000000,0.000000,9.000000,9.000000,Drowsy
26.000000,60.000000,0.000000,8.000000,8.000000,Drowsy
27.000000,-60.000000,2.000000,0.000000,2.000000,Alert
27.000000,-55.000000,1.000000,0.000000,1.000000,Alert
27.000000,-50.000000,2.000000,0.000000,2.000000,Alert
27.000000,-45.000000,2.000000,0.000000,2.000000,Alert
27.000000,-40.000000,0.000000,0.000000,0.000000,Alert
27.000000,-35.000000,0.000000,0.000000,0.000000,Alert
27.000000,-30.000000,1.000000,0.000000,1.000000,Alert
27.000000,-25.000000,1.000000,0.000000,1.000000,Alert
27.000000,-20.000000,1.000000,0.000000,1.000000,Alert
27.000000,-15.000000,0.000000,0.000000,0.000000,Alert
27.000000,-10.000000,0.000000,0.000000,0.000000,Alert
27.000000,-5.000000,0.000000,0.000000,0.000000,Alert
27.000000,0.000000,0.000000,0.000000,0.000000,Alert
27.000000,5.000000,0.000000,1.000000,1.000000,Alert
27.000000,10.000000,0.000000,0.000000,0.000000,Alert
27.000000,15.000000,0.000000,1.000000,1.000000,Alert
27.000000,20.000000,0.000000,0.000000,0.000000,Alert
27.000000,25.000000,0.000000,5.000000,5.000000,Alert
27.000000,30.000000,0.000000,3.000000,3.000000,Alert
27.000000,35.000000,0.000000,3.000000,3.000000,Alert
27.000000,40.000000,0.000000,1.000000,1.000000,Alert
27.000000,45.000000,0.000000,3.000000,3.000000,Alert
27.000000,50.000000,0.000000,2.000000,2.000000,Alert
27.000000,55.000000,0.000000,2.000000,2.000000,Alert
27.000000,60.000000,0.000000,1.000000,1.000000,Alert
27.000000,-60.000000,4.000000,0.000000,4.000000,Drowsy
27.000000,-55.000000,2.000000,0.000000,2.000000,Drowsy
27.000000,-50.000000,6.000000,0.000000,6.000000,Drowsy
27.000000,-45.000000,5.000000,0.000000,5.000000,Drowsy
27.000000,-40.000000,1.000000,0.000000,1.000000,Drowsy
27.000000,-35.000000,2.000000,0.000000,2.000000,Drowsy
27.000000,-30.000000,1.000000,1.000000,2.000000,Drowsy
27.000000,-25.000000,3.000000,0.000000,3.000000,Drowsy
27.000000,-20.000000,0.000000,0.000000,0.000000,Drowsy
27.000000,-15.000000,4.000000,0.000000,4.000000,Drowsy
27.000000,-10.000000,0.000000,1.000000,1.000000,Drowsy
27.000000,-5.000000,0.000000,2.000000,2.000000,Drowsy
27.000000,0.000000,0.000000,1.000000,1.000000,Drowsy
27.000000,5.000000,1.000000,2.000000,3.000000,Drowsy
27.000000,10.000000,0.000000,1.000000,1.000000,Drowsy
27.000000,15.000000,0.000000,2.000000,2.000000,Drowsy
27.000000,20.000000,0.000000,1.000000,1.000000,Drowsy
27.000000,25.000000,0.000000,6.000000,6.000000,Drowsy
27.000000,30.000000,0.000000,3.000000,3.000000,Drowsy
27.000000,35.000000,0.000000,7.000000,7.000000,Drowsy
27.000000,40.000000,0.000000,5.000000,5.000000,Drowsy
27.000000,45.000000,0.000000,8.000000,8.000000,Drowsy
27.000000,50.000000,0.000000,8.000000,8.000000,Drowsy
27.000000,55.000000,0.000000,7.000000,7.000000,Drowsy
27.000000,60.000000,0.000000,9.000000,9.000000,Drowsy
28.000000,-60.000000,2.000000,0.000000,2.000000,Alert
28.000000,-55.000000,2.000000,0.000000,2.000000,Alert
28.000000,-50.000000,2.000000,0.000000,2.000000,Alert
28.000000,-45.000000,4.000000,0.000000,4.000000,Alert
28.000000,-40.000000,2.000000,0.000000,2.000000,Alert
28.000000,-35.000000,3.000000,1.000000,4.000000,Alert
28.000000,-30.000000,4.000000,0.000000,4.000000,Alert
28.000000,-25.000000,8.000000,0.000000,8.000000,Alert
28.000000,-20.000000,4.000000,0.000000,4.000000,Alert
28.000000,-15.000000,3.000000,0.000000,3.000000,Alert
28.000000,-10.000000,4.000000,4.000000,8.000000,Alert
28.000000,-5.000000,5.000000,7.000000,12.000000,Alert
28.000000,0.000000,3.000000,9.000000,12.000000,Alert
28.000000,5.000000,1.000000,11.000000,12.000000,Alert
28.000000,10.000000,0.000000,8.000000,8.000000,Alert
28.000000,15.000000,0.000000,4.000000,4.000000,Alert
28.000000,20.000000,0.000000,4.000000,4.000000,Alert
28.000000,25.000000,0.000000,8.000000,8.000000,Alert
28.000000,30.000000,0.000000,4.000000,4.000000,Alert
28.000000,35.000000,0.000000,4.000000,4.000000,Alert
28.000000,40.000000,0.000000,2.000000,2.000000,Alert
28.000000,45.000000,0.000000,4.000000,4.000000,Alert
28.000000,50.000000,0.000000,2.000000,2.000000,Alert
28.000000,55.000000,1.000000,1.000000,2.000000,Alert
28.000000,60.000000,0.000000,2.000000,2.000000,Alert
28.000000,-60.000000,8.000000,0.000000,8.000000,Drowsy
28.000000,-55.000000,7.000000,2.000000,9.000000,Drowsy
28.000000,-50.000000,8.000000,0.000000,8.000000,Drowsy
28.000000,-45.000000,15.000000,4.000000,19.000000,Drowsy
28.000000,-40.000000,5.000000,3.000000,8.000000,Drowsy
28.000000,-35.000000,10.000000,1.000000,11.000000,Drowsy
28.000000,-30.000000,6.000000,2.000000,8.000000,Drowsy
28.000000,-25.000000,21.000000,2.000000,23.000000,Drowsy
28.000000,-20.000000,5.000000,4.000000,9.000000,Drowsy
28.000000,-15.000000,5.000000,1.000000,6.000000,Drowsy
28.000000,-10.000000,11.000000,5.000000,16.000000,Drowsy
28.000000,-5.000000,6.000000,16.000000,22.000000,Drowsy
28.000000,0.000000,6.000000,15.000000,21.000000,Drowsy
28.000000,5.000000,0.000000,19.000000,19.000000,Drowsy
28.000000,10.000000,1.000000,22.000000,23.000000,Drowsy
28.000000,15.000000,0.000000,4.000000,4.000000,Drowsy
28.000000,20.000000,0.000000,11.000000,11.000000,Drowsy
28.000000,25.000000,0.000000,14.000000,14.000000,Drowsy
28.000000,30.000000,0.000000,10.000000,10.000000,Drowsy
28.000000,35.000000,0.000000,7.000000,7.000000,Drowsy
28.000000,40.000000,0.000000,11.000000,11.000000,Drowsy
28.000000,45.000000,0.000000,20.000000,20.000000,Drowsy
28.000000,50.000000,0.000000,4.000000,4.000000,Drowsy
28.000000,55.000000,0.000000,10.000000,10.000000,Drowsy
28.000000,60.000000,1.000000,5.000000,6.000000,Drowsy
30.000000,-60.000000,2.000000,0.000000,2.000000,Alert
30.000000,-55.000000,2.000000,0.000000,2.000000,Alert
30.000000,-50.000000,2.000000,0.000000,2.000000,Alert
30.000000,-45.000000,4.000000,0.000000,4.000000,Alert
30.000000,-40.000000,2.000000,0.000000,2.000000,Alert
30.000000,-35.000000,4.000000,0.000000,4.000000,Alert
30.000000,-30.000000,4.000000,0.000000,4.000000,Alert
30.000000,-25.000000,8.000000,0.000000,8.000000,Alert
30.000000,-20.000000,4.000000,0.000000,4.000000,Alert
30.000000,-15.000000,4.000000,0.000000,4.000000,Alert
30.000000,-10.000000,5.000000,3.000000,8.000000,Alert
30.000000,-5.000000,6.000000,6.000000,12.000000,Alert
30.000000,0.000000,2.000000,10.000000,12.000000,Alert
30.000000,5.000000,0.000000,12.000000,12.000000,Alert
30.000000,10.000000,1.000000,7.000000,8.000000,Alert
30.000000,15.000000,0.000000,4.000000,4.000000,Alert
30.000000,20.000000,0.000000,3.000000,3.000000,Alert
30.000000,25.000000,0.000000,8.000000,8.000000,Alert
30.000000,30.000000,0.000000,4.000000,4.000000,Alert
30.000000,35.000000,0.000000,4.000000,4.000000,Alert
30.000000,40.000000,0.000000,1.000000,1.000000,Alert
30.000000,45.000000,0.000000,4.000000,4.000000,Alert
30.000000,50.000000,0.000000,1.000000,1.000000,Alert
30.000000,55.000000,0.000000,2.000000,2.000000,Alert
30.000000,60.000000,0.000000,2.000000,2.000000,Alert
30.000000,-60.000000,4.000000,0.000000,4.000000,Drowsy
30.000000,-55.000000,6.000000,0.000000,6.000000,Drowsy
30.000000,-50.000000,4.000000,0.000000,4.000000,Drowsy
30.000000,-45.000000,11.000000,0.000000,11.000000,Drowsy
30.000000,-40.000000,7.000000,0.000000,7.000000,Drowsy
30.000000,-35.000000,5.000000,1.000000,6.000000,Drowsy
30.000000,-30.000000,4.000000,0.000000,4.000000,Drowsy
30.000000,-25.000000,12.000000,2.000000,14.000000,Drowsy
30.000000,-20.000000,5.000000,1.000000,6.000000,Drowsy
30.000000,-15.000000,1.000000,3.000000,4.000000,Drowsy
30.000000,-10.000000,8.000000,3.000000,11.000000,Drowsy
30.000000,-5.000000,5.000000,6.000000,11.000000,Drowsy
30.000000,0.000000,0.000000,7.000000,7.000000,Drowsy
30.000000,5.000000,2.000000,15.000000,17.000000,Drowsy
30.000000,10.000000,0.000000,7.000000,7.000000,Drowsy
30.000000,15.000000,1.000000,4.000000,5.000000,Drowsy
30.000000,20.000000,0.000000,6.000000,6.000000,Drowsy
30.000000,25.000000,0.000000,16.000000,16.000000,Drowsy
30.000000,30.000000,0.000000,6.000000,6.000000,Drowsy
30.000000,35.000000,0.000000,5.000000,5.000000,Drowsy
30.000000,40.000000,0.000000,4.000000,4.000000,Drowsy
30.000000,45.000000,1.000000,12.000000,13.000000,Drowsy
30.000000,50.000000,0.000000,6.000000,6.000000,Drowsy
30.000000,55.000000,0.000000,7.000000,7.000000,Drowsy
30.000000,60.000000,2.000000,7.000000,9.000000,Drowsy
31.000000,-60.000000,2.000000,0.000000,2.000000,Alert
31.000000,-55.000000,2.000000,0.000000,2.000000,Alert
31.000000,-50.000000,2.000000,0.000000,2.000000,Alert
31.000000,-45.000000,4.000000,0.000000,4.000000,Alert
31.000000,-40.000000,2.000000,0.000000,2.000000,Alert
31.000000,-35.000000,4.000000,0.000000,4.000000,Alert
31.000000,-30.000000,4.000000,0.000000,4.000000,Alert
31.000000,-25.000000,8.000000,0.000000,8.000000,Alert
31.000000,-20.000000,4.000000,0.000000,4.000000,Alert
31.000000,-15.000000,4.000000,0.000000,4.000000,Alert
31.000000,-10.000000,7.000000,1.000000,8.000000,Alert
31.000000,-5.000000,10.000000,2.000000,12.000000,Alert
31.000000,0.000000,7.000000,5.000000,12.000000,Alert
31.000000,5.000000,7.000000,5.000000,12.000000,Alert
31.000000,10.000000,1.000000,7.000000,8.000000,Alert
31.000000,15.000000,1.000000,3.000000,4.000000,Alert
31.000000,20.000000,0.000000,4.000000,4.000000,Alert
31.000000,25.000000,0.000000,8.000000,8.000000,Alert
31.000000,30.000000,0.000000,4.000000,4.000000,Alert
31.000000,35.000000,0.000000,4.000000,4.000000,Alert
31.000000,40.000000,0.000000,2.000000,2.000000,Alert
31.000000,45.000000,0.000000,4.000000,4.000000,Alert
31.000000,50.000000,0.000000,2.000000,2.000000,Alert
31.000000,55.000000,0.000000,2.000000,2.000000,Alert
31.000000,60.000000,0.000000,2.000000,2.000000,Alert
31.000000,-60.000000,2.000000,2.000000,4.000000,Drowsy
31.000000,-55.000000,1.000000,4.000000,5.000000,Drowsy
31.000000,-50.000000,3.000000,0.000000,3.000000,Drowsy
31.000000,-45.000000,9.000000,3.000000,12.000000,Drowsy
31.000000,-40.000000,3.000000,3.000000,6.000000,Drowsy
31.000000,-35.000000,2.000000,2.000000,4.000000,Drowsy
31.000000,-30.000000,2.000000,1.000000,3.000000,Drowsy
31.000000,-25.000000,7.000000,3.000000,10.000000,Drowsy
31.000000,-20.000000,2.000000,1.000000,3.000000,Drowsy
31.000000,-15.000000,0.000000,0.000000,0.000000,Drowsy
31.000000,-10.000000,3.000000,3.000000,6.000000,Drowsy
31.000000,-5.000000,9.000000,5.000000,14.000000,Drowsy
31.000000,0.000000,7.000000,7.000000,14.000000,Drowsy
31.000000,5.000000,4.000000,8.000000,12.000000,Drowsy
31.000000,10.000000,4.000000,3.000000,7.000000,Drowsy
31.000000,15.000000,2.000000,0.000000,2.000000,Drowsy
31.000000,20.000000,2.000000,4.000000,6.000000,Drowsy
31.000000,25.000000,0.000000,9.000000,9.000000,Drowsy
31.000000,30.000000,1.000000,6.000000,7.000000,Drowsy
31.000000,35.000000,0.000000,2.000000,2.000000,Drowsy
31.000000,40.000000,3.000000,2.000000,5.000000,Drowsy
31.000000,45.000000,2.000000,5.000000,7.000000,Drowsy
31.000000,50.000000,1.000000,6.000000,7.000000,Drowsy
31.000000,55.000000,0.000000,4.000000,4.000000,Drowsy
31.000000,60.000000,2.000000,4.000000,6.000000,Drowsy
32.000000,-60.000000,2.000000,0.000000,2.000000,Alert
32.000000,-55.000000,2.000000,0.000000,2.000000,Alert
32.000000,-50.000000,2.000000,0.000000,2.000000,Alert
32.000000,-45.000000,4.000000,0.000000,4.000000,Alert
32.000000,-40.000000,2.000000,0.000000,2.000000,Alert
32.000000,-35.000000,4.000000,0.000000,4.000000,Alert
32.000000,-30.000000,4.000000,0.000000,4.000000,Alert
32.000000,-25.000000,8.000000,0.000000,8.000000,Alert
32.000000,-20.000000,4.000000,0.000000,4.000000,Alert
32.000000,-15.000000,4.000000,0.000000,4.000000,Alert
32.000000,-10.000000,8.000000,0.000000,8.000000,Alert
32.000000,-5.000000,9.000000,1.000000,10.000000,Alert
32.000000,0.000000,7.000000,3.000000,10.000000,Alert
32.000000,5.000000,4.000000,5.000000,9.000000,Alert
32.000000,10.000000,1.000000,6.000000,7.000000,Alert
32.000000,15.000000,0.000000,4.000000,4.000000,Alert
32.000000,20.000000,0.000000,4.000000,4.000000,Alert
32.000000,25.000000,0.000000,8.000000,8.000000,Alert
32.000000,30.000000,0.000000,4.000000,4.000000,Alert
32.000000,35.000000,0.000000,4.000000,4.000000,Alert
32.000000,40.000000,0.000000,2.000000,2.000000,Alert
32.000000,45.000000,0.000000,4.000000,4.000000,Alert
32.000000,50.000000,0.000000,2.000000,2.000000,Alert
32.000000,55.000000,0.000000,2.000000,2.000000,Alert
32.000000,60.000000,0.000000,2.000000,2.000000,Alert
32.000000,-60.000000,1.000000,0.000000,1.000000,Drowsy
32.000000,-55.000000,0.000000,0.000000,0.000000,Drowsy
32.000000,-50.000000,0.000000,0.000000,0.000000,Drowsy
32.000000,-45.000000,0.000000,0.000000,0.000000,Drowsy
32.000000,-40.000000,0.000000,0.000000,0.000000,Drowsy
32.000000,-35.000000,0.000000,0.000000,0.000000,Drowsy
32.000000,-30.000000,0.000000,0.000000,0.000000,Drowsy
32.000000,-25.000000,1.000000,0.000000,1.000000,Drowsy
32.000000,-20.000000,0.000000,0.000000,0.000000,Drowsy
32.000000,-15.000000,1.000000,0.000000,1.000000,Drowsy
32.000000,-10.000000,0.000000,0.000000,0.000000,Drowsy
32.000000,-5.000000,0.000000,0.000000,0.000000,Drowsy
32.000000,0.000000,1.000000,0.000000,1.000000,Drowsy
32.000000,5.000000,0.000000,0.000000,0.000000,Drowsy
32.000000,10.000000,1.000000,1.000000,2.000000,Drowsy
32.000000,15.000000,0.000000,0.000000,0.000000,Drowsy
32.000000,20.000000,0.000000,0.000000,0.000000,Drowsy
32.000000,25.000000,0.000000,2.000000,2.000000,Drowsy
32.000000,30.000000,0.000000,0.000000,0.000000,Drowsy
32.000000,35.000000,0.000000,0.000000,0.000000,Drowsy
32.000000,40.000000,0.000000,0.000000,0.000000,Drowsy
32.000000,45.000000,0.000000,0.000000,0.000000,Drowsy
32.000000,50.000000,0.000000,0.000000,0.000000,Drowsy
32.000000,55.000000,0.000000,0.000000,0.000000,Drowsy
32.000000,60.000000,0.000000,0.000000,0.000000,Drowsy
33.000000,-60.000000,2.000000,0.000000,2.000000,Alert
33.000000,-55.000000,1.000000,0.000000,1.000000,Alert
33.000000,-50.000000,1.000000,0.000000,1.000000,Alert
33.000000,-45.000000,4.000000,0.000000,4.000000,Alert
33.000000,-40.000000,1.000000,1.000000,2.000000,Alert
33.000000,-35.000000,4.000000,0.000000,4.000000,Alert
33.000000,-30.000000,2.000000,1.000000,3.000000,Alert
33.000000,-25.000000,5.000000,0.000000,5.000000,Alert
33.000000,-20.000000,4.000000,0.000000,4.000000,Alert
33.000000,-15.000000,1.000000,2.000000,3.000000,Alert
33.000000,-10.000000,4.000000,1.000000,5.000000,Alert
33.000000,-5.000000,5.000000,7.000000,12.000000,Alert
33.000000,0.000000,3.000000,9.000000,12.000000,Alert
33.000000,5.000000,5.000000,5.000000,10.000000,Alert
33.000000,10.000000,1.000000,7.000000,8.000000,Alert
33.000000,15.000000,0.000000,4.000000,4.000000,Alert
33.000000,20.000000,0.000000,4.000000,4.000000,Alert
33.000000,25.000000,0.000000,8.000000,8.000000,Alert
33.000000,30.000000,0.000000,3.000000,3.000000,Alert
33.000000,35.000000,0.000000,4.000000,4.000000,Alert
33.000000,40.000000,0.000000,2.000000,2.000000,Alert
33.000000,45.000000,0.000000,3.000000,3.000000,Alert
33.000000,50.000000,0.000000,2.000000,2.000000,Alert
33.000000,55.000000,0.000000,2.000000,2.000000,Alert
33.000000,60.000000,0.000000,2.000000,2.000000,Alert
33.000000,-60.000000,4.000000,3.000000,7.000000,Drowsy
33.000000,-55.000000,7.000000,3.000000,10.000000,Drowsy
33.000000,-50.000000,8.000000,1.000000,9.000000,Drowsy
33.000000,-45.000000,18.000000,0.000000,18.000000,Drowsy
33.000000,-40.000000,3.000000,3.000000,6.000000,Drowsy
33.000000,-35.000000,7.000000,4.000000,11.000000,Drowsy
33.000000,-30.000000,4.000000,3.000000,7.000000,Drowsy
33.000000,-25.000000,12.000000,3.000000,15.000000,Drowsy
33.000000,-20.000000,5.000000,3.000000,8.000000,Drowsy
33.000000,-15.000000,4.000000,1.000000,5.000000,Drowsy
33.000000,-10.000000,9.000000,9.000000,18.000000,Drowsy
33.000000,-5.000000,14.000000,12.000000,26.000000,Drowsy
33.000000,0.000000,11.000000,17.000000,28.000000,Drowsy
33.000000,5.000000,8.000000,13.000000,21.000000,Drowsy
33.000000,10.000000,4.000000,11.000000,15.000000,Drowsy
33.000000,15.000000,2.000000,9.000000,11.000000,Drowsy
33.000000,20.000000,1.000000,9.000000,10.000000,Drowsy
33.000000,25.000000,3.000000,14.000000,17.000000,Drowsy
33.000000,30.000000,2.000000,8.000000,10.000000,Drowsy
33.000000,35.000000,0.000000,7.000000,7.000000,Drowsy
33.000000,40.000000,1.000000,10.000000,11.000000,Drowsy
33.000000,45.000000,1.000000,15.000000,16.000000,Drowsy
33.000000,50.000000,0.000000,8.000000,8.000000,Drowsy
33.000000,55.000000,5.000000,5.000000,10.000000,Drowsy
33.000000,60.000000,0.000000,9.000000,9.000000,Drowsy
34.000000,-60.000000,2.000000,0.000000,2.000000,Alert
34.000000,-55.000000,2.000000,0.000000,2.000000,Alert
34.000000,-50.000000,2.000000,0.000000,2.000000,Alert
34.000000,-45.000000,3.000000,1.000000,4.000000,Alert
34.000000,-40.000000,2.000000,0.000000,2.000000,Alert
34.000000,-35.000000,4.000000,0.000000,4.000000,Alert
34.000000,-30.000000,4.000000,0.000000,4.000000,Alert
34.000000,-25.000000,7.000000,0.000000,7.000000,Alert
34.000000,-20.000000,3.000000,0.000000,3.000000,Alert
34.000000,-15.000000,3.000000,1.000000,4.000000,Alert
34.000000,-10.000000,7.000000,1.000000,8.000000,Alert
34.000000,-5.000000,11.000000,1.000000,12.000000,Alert
34.000000,0.000000,7.000000,5.000000,12.000000,Alert
34.000000,5.000000,0.000000,12.000000,12.000000,Alert
34.000000,10.000000,2.000000,6.000000,8.000000,Alert
34.000000,15.000000,0.000000,3.000000,3.000000,Alert
34.000000,20.000000,0.000000,4.000000,4.000000,Alert
34.000000,25.000000,1.000000,7.000000,8.000000,Alert
34.000000,30.000000,0.000000,4.000000,4.000000,Alert
34.000000,35.000000,0.000000,4.000000,4.000000,Alert
34.000000,40.000000,0.000000,2.000000,2.000000,Alert
34.000000,45.000000,0.000000,4.000000,4.000000,Alert
34.000000,50.000000,0.000000,2.000000,2.000000,Alert
34.000000,55.000000,0.000000,2.000000,2.000000,Alert
34.000000,60.000000,0.000000,2.000000,2.000000,Alert
34.000000,-60.000000,0.000000,0.000000,0.000000,Drowsy
34.000000,-55.000000,0.000000,2.000000,2.000000,Drowsy
34.000000,-50.000000,0.000000,0.000000,0.000000,Drowsy
34.000000,-45.000000,1.000000,0.000000,1.000000,Drowsy
34.000000,-40.000000,0.000000,2.000000,2.000000,Drowsy
34.000000,-35.000000,1.000000,0.000000,1.000000,Drowsy
34.000000,-30.000000,0.000000,0.000000,0.000000,Drowsy
34.000000,-25.000000,1.000000,0.000000,1.000000,Drowsy
34.000000,-20.000000,1.000000,0.000000,1.000000,Drowsy
34.000000,-15.000000,0.000000,1.000000,1.000000,Drowsy
34.000000,-10.000000,0.000000,0.000000,0.000000,Drowsy
34.000000,-5.000000,0.000000,3.000000,3.000000,Drowsy
34.000000,0.000000,0.000000,2.000000,2.000000,Drowsy
34.000000,5.000000,0.000000,1.000000,1.000000,Drowsy
34.000000,10.000000,0.000000,0.000000,0.000000,Drowsy
34.000000,15.000000,0.000000,0.000000,0.000000,Drowsy
34.000000,20.000000,0.000000,0.000000,0.000000,Drowsy
34.000000,25.000000,0.000000,1.000000,1.000000,Drowsy
34.000000,30.000000,0.000000,0.000000,0.000000,Drowsy
34.000000,35.000000,0.000000,0.000000,0.000000,Drowsy
34.000000,40.000000,0.000000,1.000000,1.000000,Drowsy
34.000000,45.000000,0.000000,0.000000,0.000000,Drowsy
34.000000,50.000000,0.000000,0.000000,0.000000,Drowsy
34.000000,55.000000,0.000000,0.000000,0.000000,Drowsy
34.000000,60.000000,0.000000,2.000000,2.000000,Drowsy
35.000000,-60.000000,0.000000,0.000000,0.000000,Alert
35.000000,-55.000000,2.000000,0.000000,2.000000,Alert
35.000000,-50.000000,2.000000,0.000000,2.000000,Alert
35.000000,-45.000000,3.000000,0.000000,3.000000,Alert
35.000000,-40.000000,2.000000,0.000000,2.000000,Alert
35.000000,-35.000000,3.000000,0.000000,3.000000,Alert
35.000000,-30.000000,2.000000,0.000000,2.000000,Alert
35.000000,-25.000000,7.000000,0.000000,7.000000,Alert
35.000000,-20.000000,1.000000,0.000000,1.000000,Alert
35.000000,-15.000000,2.000000,0.000000,2.000000,Alert
35.000000,-10.000000,5.000000,2.000000,7.000000,Alert
35.000000,-5.000000,9.000000,0.000000,9.000000,Alert
35.000000,0.000000,4.000000,3.000000,7.000000,Alert
35.000000,5.000000,7.000000,5.000000,12.000000,Alert
35.000000,10.000000,2.000000,3.000000,5.000000,Alert
35.000000,15.000000,0.000000,3.000000,3.000000,Alert
35.000000,20.000000,0.000000,3.000000,3.000000,Alert
35.000000,25.000000,2.000000,4.000000,6.000000,Alert
35.000000,30.000000,0.000000,3.000000,3.000000,Alert
35.000000,35.000000,0.000000,3.000000,3.000000,Alert
35.000000,40.000000,0.000000,2.000000,2.000000,Alert
35.000000,45.000000,0.000000,1.000000,1.000000,Alert
35.000000,50.000000,0.000000,1.000000,1.000000,Alert
35.000000,55.000000,0.000000,1.000000,1.000000,Alert
35.000000,60.000000,0.000000,2.000000,2.000000,Alert
35.000000,-60.000000,6.000000,2.000000,8.000000,Drowsy
35.000000,-55.000000,4.000000,3.000000,7.000000,Drowsy
35.000000,-50.000000,3.000000,2.000000,5.000000,Drowsy
35.000000,-45.000000,2.000000,4.000000,6.000000,Drowsy
35.000000,-40.000000,2.000000,5.000000,7.000000,Drowsy
35.000000,-35.000000,5.000000,0.000000,5.000000,Drowsy
35.000000,-30.000000,0.000000,3.000000,3.000000,Drowsy
35.000000,-25.000000,7.000000,3.000000,10.000000,Drowsy
35.000000,-20.000000,0.000000,2.000000,2.000000,Drowsy
35.000000,-15.000000,2.000000,2.000000,4.000000,Drowsy
35.000000,-10.000000,2.000000,6.000000,8.000000,Drowsy
35.000000,-5.000000,5.000000,7.000000,12.000000,Drowsy
35.000000,0.000000,5.000000,11.000000,16.000000,Drowsy
35.000000,5.000000,4.000000,6.000000,10.000000,Drowsy
35.000000,10.000000,3.000000,3.000000,6.000000,Drowsy
35.000000,15.000000,2.000000,5.000000,7.000000,Drowsy
35.000000,20.000000,0.000000,5.000000,5.000000,Drowsy
35.000000,25.000000,2.000000,10.000000,12.000000,Drowsy
35.000000,30.000000,1.000000,4.000000,5.000000,Drowsy
35.000000,35.000000,2.000000,2.000000,4.000000,Drowsy
35.000000,40.000000,0.000000,4.000000,4.000000,Drowsy
35.000000,45.000000,1.000000,9.000000,10.000000,Drowsy
35.000000,50.000000,0.000000,5.000000,5.000000,Drowsy
35.000000,55.000000,0.000000,3.000000,3.000000,Drowsy
35.000000,60.000000,1.000000,3.000000,4.000000,Drowsy
36.000000,-60.000000,2.000000,0.000000,2.000000,Alert
36.000000,-55.000000,0.000000,0.000000,0.000000,Alert
36.000000,-50.000000,0.000000,0.000000,0.000000,Alert
36.000000,-45.000000,0.000000,1.000000,1.000000,Alert
36.000000,-40.000000,0.000000,0.000000,0.000000,Alert
36.000000,-35.000000,2.000000,0.000000,2.000000,Alert
36.000000,-30.000000,1.000000,0.000000,1.000000,Alert
36.000000,-25.000000,3.000000,1.000000,4.000000,Alert
36.000000,-20.000000,2.000000,0.000000,2.000000,Alert
36.000000,-15.000000,2.000000,0.000000,2.000000,Alert
36.000000,-10.000000,3.000000,0.000000,3.000000,Alert
36.000000,-5.000000,3.000000,0.000000,3.000000,Alert
36.000000,0.000000,3.000000,1.000000,4.000000,Alert
36.000000,5.000000,0.000000,0.000000,0.000000,Alert
36.000000,10.000000,0.000000,3.000000,3.000000,Alert
36.000000,15.000000,1.000000,0.000000,1.000000,Alert
36.000000,20.000000,0.000000,0.000000,0.000000,Alert
36.000000,25.000000,2.000000,0.000000,2.000000,Alert
36.000000,30.000000,0.000000,2.000000,2.000000,Alert
36.000000,35.000000,0.000000,0.000000,0.000000,Alert
36.000000,40.000000,0.000000,0.000000,0.000000,Alert
36.000000,45.000000,1.000000,1.000000,2.000000,Alert
36.000000,50.000000,0.000000,1.000000,1.000000,Alert
36.000000,55.000000,0.000000,0.000000,0.000000,Alert
36.000000,60.000000,0.000000,1.000000,1.000000,Alert
36.000000,-60.000000,2.000000,10.000000,12.000000,Drowsy
36.000000,-55.000000,3.000000,5.000000,8.000000,Drowsy
36.000000,-50.000000,9.000000,2.000000,11.000000,Drowsy
36.000000,-45.000000,5.000000,15.000000,20.000000,Drowsy
36.000000,-40.000000,4.000000,3.000000,7.000000,Drowsy
36.000000,-35.000000,5.000000,7.000000,12.000000,Drowsy
36.000000,-30.000000,5.000000,7.000000,12.000000,Drowsy
36.000000,-25.000000,9.000000,17.000000,26.000000,Drowsy
36.000000,-20.000000,4.000000,5.000000,9.000000,Drowsy
36.000000,-15.000000,1.000000,9.000000,10.000000,Drowsy
36.000000,-10.000000,5.000000,15.000000,20.000000,Drowsy
36.000000,-5.000000,7.000000,18.000000,25.000000,Drowsy
36.000000,0.000000,7.000000,29.000000,36.000000,Drowsy
36.000000,5.000000,3.000000,28.000000,31.000000,Drowsy
36.000000,10.000000,1.000000,20.000000,21.000000,Drowsy
36.000000,15.000000,0.000000,15.000000,15.000000,Drowsy
36.000000,20.000000,1.000000,8.000000,9.000000,Drowsy
36.000000,25.000000,1.000000,27.000000,28.000000,Drowsy
36.000000,30.000000,0.000000,13.000000,13.000000,Drowsy
36.000000,35.000000,0.000000,10.000000,10.000000,Drowsy
36.000000,40.000000,0.000000,10.000000,10.000000,Drowsy
36.000000,45.000000,1.000000,24.000000,25.000000,Drowsy
36.000000,50.000000,0.000000,10.000000,10.000000,Drowsy
36.000000,55.000000,0.000000,12.000000,12.000000,Drowsy
36.000000,60.000000,0.000000,13.000000,13.000000,Drowsy
37.000000,-60.000000,2.000000,0.000000,2.000000,Alert
37.000000,-55.000000,2.000000,0.000000,2.000000,Alert
37.000000,-50.000000,2.000000,0.000000,2.000000,Alert
37.000000,-45.000000,4.000000,0.000000,4.000000,Alert
37.000000,-40.000000,2.000000,0.000000,2.000000,Alert
37.000000,-35.000000,4.000000,0.000000,4.000000,Alert
37.000000,-30.000000,4.000000,0.000000,4.000000,Alert
37.000000,-25.000000,8.000000,0.000000,8.000000,Alert
37.000000,-20.000000,2.000000,2.000000,4.000000,Alert
37.000000,-15.000000,2.000000,2.000000,4.000000,Alert
37.000000,-10.000000,4.000000,4.000000,8.000000,Alert
37.000000,-5.000000,6.000000,6.000000,12.000000,Alert
37.000000,0.000000,2.000000,9.000000,11.000000,Alert
37.000000,5.000000,0.000000,12.000000,12.000000,Alert
37.000000,10.000000,0.000000,8.000000,8.000000,Alert
37.000000,15.000000,0.000000,4.000000,4.000000,Alert
37.000000,20.000000,0.000000,4.000000,4.000000,Alert
37.000000,25.000000,0.000000,8.000000,8.000000,Alert
37.000000,30.000000,0.000000,4.000000,4.000000,Alert
37.000000,35.000000,0.000000,4.000000,4.000000,Alert
37.000000,40.000000,0.000000,2.000000,2.000000,Alert
37.000000,45.000000,0.000000,4.000000,4.000000,Alert
37.000000,50.000000,0.000000,2.000000,2.000000,Alert
37.000000,55.000000,0.000000,2.000000,2.000000,Alert
37.000000,60.000000,0.000000,2.000000,2.000000,Alert
37.000000,-60.000000,6.000000,0.000000,6.000000,Drowsy
37.000000,-55.000000,2.000000,1.000000,3.000000,Drowsy
37.000000,-50.000000,1.000000,1.000000,2.000000,Drowsy
37.000000,-45.000000,6.000000,2.000000,8.000000,Drowsy
37.000000,-40.000000,4.000000,3.000000,7.000000,Drowsy
37.000000,-35.000000,2.000000,3.000000,5.000000,Drowsy
37.000000,-30.000000,1.000000,3.000000,4.000000,Drowsy
37.000000,-25.000000,10.000000,2.000000,12.000000,Drowsy
37.000000,-20.000000,2.000000,3.000000,5.000000,Drowsy
37.000000,-15.000000,4.000000,5.000000,9.000000,Drowsy
37.000000,-10.000000,1.000000,10.000000,11.000000,Drowsy
37.000000,-5.000000,3.000000,7.000000,10.000000,Drowsy
37.000000,0.000000,3.000000,14.000000,17.000000,Drowsy
37.000000,5.000000,3.000000,10.000000,13.000000,Drowsy
37.000000,10.000000,1.000000,8.000000,9.000000,Drowsy
37.000000,15.000000,0.000000,2.000000,2.000000,Drowsy
37.000000,20.000000,0.000000,5.000000,5.000000,Drowsy
37.000000,25.000000,1.000000,3.000000,4.000000,Drowsy
37.000000,30.000000,0.000000,6.000000,6.000000,Drowsy
37.000000,35.000000,0.000000,5.000000,5.000000,Drowsy
37.000000,40.000000,0.000000,8.000000,8.000000,Drowsy
37.000000,45.000000,0.000000,7.000000,7.000000,Drowsy
37.000000,50.000000,0.000000,5.000000,5.000000,Drowsy
37.000000,55.000000,0.000000,4.000000,4.000000,Drowsy
37.000000,60.000000,0.000000,4.000000,4.000000,Drowsy
38.000000,-60.000000,2.000000,0.000000,2.000000,Alert
38.000000,-55.000000,2.000000,0.000000,2.000000,Alert
38.000000,-50.000000,2.000000,0.000000,2.000000,Alert
38.000000,-45.000000,4.000000,0.000000,4.000000,Alert
38.000000,-40.000000,2.000000,0.000000,2.000000,Alert
38.000000,-35.000000,4.000000,0.000000,4.000000,Alert
38.000000,-30.000000,3.000000,1.000000,4.000000,Alert
38.000000,-25.000000,8.000000,0.000000,8.000000,Alert
38.000000,-20.000000,3.000000,1.000000,4.000000,Alert
38.000000,-15.000000,4.000000,0.000000,4.000000,Alert
38.000000,-10.000000,7.000000,1.000000,8.000000,Alert
38.000000,-5.000000,5.000000,7.000000,12.000000,Alert
38.000000,0.000000,5.000000,7.000000,12.000000,Alert
38.000000,5.000000,3.000000,9.000000,12.000000,Alert
38.000000,10.000000,1.000000,7.000000,8.000000,Alert
38.000000,15.000000,0.000000,4.000000,4.000000,Alert
38.000000,20.000000,0.000000,4.000000,4.000000,Alert
38.000000,25.000000,0.000000,8.000000,8.000000,Alert
38.000000,30.000000,0.000000,4.000000,4.000000,Alert
38.000000,35.000000,0.000000,4.000000,4.000000,Alert
38.000000,40.000000,0.000000,2.000000,2.000000,Alert
38.000000,45.000000,0.000000,4.000000,4.000000,Alert
38.000000,50.000000,0.000000,2.000000,2.000000,Alert
38.000000,55.000000,0.000000,2.000000,2.000000,Alert
38.000000,60.000000,0.000000,2.000000,2.000000,Alert
38.000000,-60.000000,3.000000,0.000000,3.000000,Drowsy
38.000000,-55.000000,0.000000,0.000000,0.000000,Drowsy
38.000000,-50.000000,4.000000,0.000000,4.000000,Drowsy
38.000000,-45.000000,2.000000,0.000000,2.000000,Drowsy
38.000000,-40.000000,1.000000,0.000000,1.000000,Drowsy
38.000000,-35.000000,4.000000,1.000000,5.000000,Drowsy
38.000000,-30.000000,2.000000,0.000000,2.000000,Drowsy
38.000000,-25.000000,3.000000,0.000000,3.000000,Drowsy
38.000000,-20.000000,1.000000,0.000000,1.000000,Drowsy
38.000000,-15.000000,0.000000,0.000000,0.000000,Drowsy
38.000000,-10.000000,5.000000,1.000000,6.000000,Drowsy
38.000000,-5.000000,1.000000,4.000000,5.000000,Drowsy
38.000000,0.000000,2.000000,2.000000,4.000000,Drowsy
38.000000,5.000000,2.000000,6.000000,8.000000,Drowsy
38.000000,10.000000,1.000000,2.000000,3.000000,Drowsy
38.000000,15.000000,1.000000,1.000000,2.000000,Drowsy
38.000000,20.000000,1.000000,1.000000,2.000000,Drowsy
38.000000,25.000000,0.000000,8.000000,8.000000,Drowsy
38.000000,30.000000,0.000000,0.000000,0.000000,Drowsy
38.000000,35.000000,0.000000,3.000000,3.000000,Drowsy
38.000000,40.000000,0.000000,0.000000,0.000000,Drowsy
38.000000,45.000000,0.000000,3.000000,3.000000,Drowsy
38.000000,50.000000,0.000000,2.000000,2.000000,Drowsy
38.000000,55.000000,0.000000,1.000000,1.000000,Drowsy
38.000000,60.000000,0.000000,1.000000,1.000000,Drowsy
39.000000,-60.000000,2.000000,0.000000,2.000000,Alert
39.000000,-55.000000,1.000000,1.000000,2.000000,Alert
39.000000,-50.000000,2.000000,0.000000,2.000000,Alert
39.000000,-45.000000,4.000000,0.000000,4.000000,Alert
39.000000,-40.000000,2.000000,0.000000,2.000000,Alert
39.000000,-35.000000,4.000000,0.000000,4.000000,Alert
39.000000,-30.000000,4.000000,0.000000,4.000000,Alert
39.000000,-25.000000,8.000000,0.000000,8.000000,Alert
39.000000,-20.000000,4.000000,0.000000,4.000000,Alert
39.000000,-15.000000,4.000000,0.000000,4.000000,Alert
39.000000,-10.000000,4.000000,4.000000,8.000000,Alert
39.000000,-5.000000,5.000000,7.000000,12.000000,Alert
39.000000,0.000000,2.000000,8.000000,10.000000,Alert
39.000000,5.000000,2.000000,9.000000,11.000000,Alert
39.000000,10.000000,0.000000,8.000000,8.000000,Alert
39.000000,15.000000,0.000000,4.000000,4.000000,Alert
39.000000,20.000000,0.000000,4.000000,4.000000,Alert
39.000000,25.000000,0.000000,8.000000,8.000000,Alert
39.000000,30.000000,0.000000,4.000000,4.000000,Alert
39.000000,35.000000,0.000000,4.000000,4.000000,Alert
39.000000,40.000000,0.000000,2.000000,2.000000,Alert
39.000000,45.000000,0.000000,4.000000,4.000000,Alert
39.000000,50.000000,0.000000,2.000000,2.000000,Alert
39.000000,55.000000,0.000000,2.000000,2.000000,Alert
39.000000,60.000000,0.000000,2.000000,2.000000,Alert
39.000000,-60.000000,7.000000,0.000000,7.000000,Drowsy
39.000000,-55.000000,11.000000,0.000000,11.000000,Drowsy
39.000000,-50.000000,12.000000,0.000000,12.000000,Drowsy
39.000000,-45.000000,19.000000,0.000000,19.000000,Drowsy
39.000000,-40.000000,10.000000,1.000000,11.000000,Drowsy
39.000000,-35.000000,9.000000,0.000000,9.000000,Drowsy
39.000000,-30.000000,10.000000,1.000000,11.000000,Drowsy
39.000000,-25.000000,14.000000,1.000000,15.000000,Drowsy
39.000000,-20.000000,7.000000,4.000000,11.000000,Drowsy
39.000000,-15.000000,7.000000,5.000000,12.000000,Drowsy
39.000000,-10.000000,11.000000,14.000000,25.000000,Drowsy
39.000000,-5.000000,9.000000,19.000000,28.000000,Drowsy
39.000000,0.000000,4.000000,25.000000,29.000000,Drowsy
39.000000,5.000000,3.000000,31.000000,34.000000,Drowsy
39.000000,10.000000,0.000000,27.000000,27.000000,Drowsy
39.000000,15.000000,0.000000,15.000000,15.000000,Drowsy
39.000000,20.000000,0.000000,8.000000,8.000000,Drowsy
39.000000,25.000000,0.000000,22.000000,22.000000,Drowsy
39.000000,30.000000,0.000000,15.000000,15.000000,Drowsy
39.000000,35.000000,0.000000,13.000000,13.000000,Drowsy
39.000000,40.000000,0.000000,14.000000,14.000000,Drowsy
39.000000,45.000000,0.000000,30.000000,30.000000,Drowsy
39.000000,50.000000,0.000000,14.000000,14.000000,Drowsy
39.000000,55.000000,1.000000,12.000000,13.000000,Drowsy
39.000000,60.000000,0.000000,15.000000,15.000000,Drowsy
41.000000,-60.000000,2.000000,0.000000,2.000000,Alert
41.000000,-55.000000,1.000000,1.000000,2.000000,Alert
41.000000,-50.000000,2.000000,0.000000,2.000000,Alert
41.000000,-45.000000,3.000000,1.000000,4.000000,Alert
41.000000,-40.000000,1.000000,1.000000,2.000000,Alert
41.000000,-35.000000,3.000000,1.000000,4.000000,Alert
41.000000,-30.000000,3.000000,1.000000,4.000000,Alert
41.000000,-25.000000,4.000000,4.000000,8.000000,Alert
41.000000,-20.000000,3.000000,1.000000,4.000000,Alert
41.000000,-15.000000,4.000000,0.000000,4.000000,Alert
41.000000,-10.000000,3.000000,5.000000,8.000000,Alert
41.000000,-5.000000,2.000000,10.000000,12.000000,Alert
41.000000,0.000000,1.000000,11.000000,12.000000,Alert
41.000000,5.000000,2.000000,10.000000,12.000000,Alert
41.000000,10.000000,2.000000,6.000000,8.000000,Alert
41.000000,15.000000,0.000000,4.000000,4.000000,Alert
41.000000,20.000000,0.000000,4.000000,4.000000,Alert
41.000000,25.000000,0.000000,8.000000,8.000000,Alert
41.000000,30.000000,0.000000,4.000000,4.000000,Alert
41.000000,35.000000,0.000000,4.000000,4.000000,Alert
41.000000,40.000000,0.000000,2.000000,2.000000,Alert
41.000000,45.000000,0.000000,4.000000,4.000000,Alert
41.000000,50.000000,0.000000,2.000000,2.000000,Alert
41.000000,55.000000,0.000000,2.000000,2.000000,Alert
41.000000,60.000000,0.000000,2.000000,2.000000,Alert
41.000000,-60.000000,4.000000,9.000000,13.000000,Drowsy
41.000000,-55.000000,2.000000,4.000000,6.000000,Drowsy
41.000000,-50.000000,6.000000,8.000000,14.000000,Drowsy
41.000000,-45.000000,2.000000,21.000000,23.000000,Drowsy
41.000000,-40.000000,6.000000,5.000000,11.000000,Drowsy
41.000000,-35.000000,1.000000,7.000000,8.000000,Drowsy
41.000000,-30.000000,3.000000,6.000000,9.000000,Drowsy
41.000000,-25.000000,7.000000,10.000000,17.000000,Drowsy
41.000000,-20.000000,0.000000,5.000000,5.000000,Drowsy
41.000000,-15.000000,3.000000,9.000000,12.000000,Drowsy
41.000000,-10.000000,5.000000,18.000000,23.000000,Drowsy
41.000000,-5.000000,7.000000,17.000000,24.000000,Drowsy
41.000000,0.000000,3.000000,20.000000,23.000000,Drowsy
41.000000,5.000000,3.000000,18.000000,21.000000,Drowsy
41.000000,10.000000,0.000000,23.000000,23.000000,Drowsy
41.000000,15.000000,0.000000,8.000000,8.000000,Drowsy
41.000000,20.000000,0.000000,9.000000,9.000000,Drowsy
41.000000,25.000000,0.000000,10.000000,10.000000,Drowsy
41.000000,30.000000,0.000000,9.000000,9.000000,Drowsy
41.000000,35.000000,0.000000,5.000000,5.000000,Drowsy
41.000000,40.000000,1.000000,7.000000,8.000000,Drowsy
41.000000,45.000000,0.000000,20.000000,20.000000,Drowsy
41.000000,50.000000,0.000000,6.000000,6.000000,Drowsy
41.000000,55.000000,0.000000,8.000000,8.000000,Drowsy
41.000000,60.000000,0.000000,7.000000,7.000000,Drowsy
42.000000,-60.000000,2.000000,0.000000,2.000000,Alert
42.000000,-55.000000,2.000000,0.000000,2.000000,Alert
42.000000,-50.000000,2.000000,0.000000,2.000000,Alert
42.000000,-45.000000,4.000000,0.000000,4.000000,Alert
42.000000,-40.000000,2.000000,0.000000,2.000000,Alert
42.000000,-35.000000,4.000000,0.000000,4.000000,Alert
42.000000,-30.000000,4.000000,0.000000,4.000000,Alert
42.000000,-25.000000,8.000000,0.000000,8.000000,Alert
42.000000,-20.000000,4.000000,0.000000,4.000000,Alert
42.000000,-15.000000,4.000000,0.000000,4.000000,Alert
42.000000,-10.000000,8.000000,0.000000,8.000000,Alert
42.000000,-5.000000,7.000000,5.000000,12.000000,Alert
42.000000,0.000000,7.000000,5.000000,12.000000,Alert
42.000000,5.000000,4.000000,8.000000,12.000000,Alert
42.000000,10.000000,1.000000,7.000000,8.000000,Alert
42.000000,15.000000,1.000000,3.000000,4.000000,Alert
42.000000,20.000000,0.000000,4.000000,4.000000,Alert
42.000000,25.000000,0.000000,8.000000,8.000000,Alert
42.000000,30.000000,0.000000,4.000000,4.000000,Alert
42.000000,35.000000,0.000000,4.000000,4.000000,Alert
42.000000,40.000000,0.000000,2.000000,2.000000,Alert
42.000000,45.000000,1.000000,3.000000,4.000000,Alert
42.000000,50.000000,0.000000,2.000000,2.000000,Alert
42.000000,55.000000,0.000000,2.000000,2.000000,Alert
42.000000,60.000000,1.000000,1.000000,2.000000,Alert
42.000000,-60.000000,18.000000,0.000000,18.000000,Drowsy
42.000000,-55.000000,16.000000,1.000000,17.000000,Drowsy
42.000000,-50.000000,14.000000,0.000000,14.000000,Drowsy
42.000000,-45.000000,28.000000,3.000000,31.000000,Drowsy
42.000000,-40.000000,19.000000,0.000000,19.000000,Drowsy
42.000000,-35.000000,17.000000,1.000000,18.000000,Drowsy
42.000000,-30.000000,12.000000,6.000000,18.000000,Drowsy
42.000000,-25.000000,27.000000,4.000000,31.000000,Drowsy
42.000000,-20.000000,14.000000,1.000000,15.000000,Drowsy
42.000000,-15.000000,14.000000,5.000000,19.000000,Drowsy
42.000000,-10.000000,27.000000,8.000000,35.000000,Drowsy
42.000000,-5.000000,26.000000,22.000000,48.000000,Drowsy
42.000000,0.000000,18.000000,34.000000,52.000000,Drowsy
42.000000,5.000000,13.000000,38.000000,51.000000,Drowsy
42.000000,10.000000,6.000000,29.000000,35.000000,Drowsy
42.000000,15.000000,4.000000,15.000000,19.000000,Drowsy
42.000000,20.000000,2.000000,14.000000,16.000000,Drowsy
42.000000,25.000000,2.000000,32.000000,34.000000,Drowsy
42.000000,30.000000,0.000000,16.000000,16.000000,Drowsy
42.000000,35.000000,1.000000,16.000000,17.000000,Drowsy
42.000000,40.000000,0.000000,12.000000,12.000000,Drowsy
42.000000,45.000000,2.000000,27.000000,29.000000,Drowsy
42.000000,50.000000,0.000000,15.000000,15.000000,Drowsy
42.000000,55.000000,5.000000,14.000000,19.000000,Drowsy
42.000000,60.000000,1.000000,15.000000,16.000000,Drowsy
43.000000,-60.000000,1.000000,0.000000,1.000000,Alert
43.000000,-55.000000,2.000000,0.000000,2.000000,Alert
43.000000,-50.000000,2.000000,0.000000,2.000000,Alert
43.000000,-45.000000,4.000000,0.000000,4.000000,Alert
43.000000,-40.000000,1.000000,1.000000,2.000000,Alert
43.000000,-35.000000,4.000000,0.000000,4.000000,Alert
43.000000,-30.000000,4.000000,0.000000,4.000000,Alert
43.000000,-25.000000,6.000000,0.000000,6.000000,Alert
43.000000,-20.000000,3.000000,1.000000,4.000000,Alert
43.000000,-15.000000,3.000000,0.000000,3.000000,Alert
43.000000,-10.000000,5.000000,2.000000,7.000000,Alert
43.000000,-5.000000,7.000000,2.000000,9.000000,Alert
43.000000,0.000000,6.000000,6.000000,12.000000,Alert
43.000000,5.000000,5.000000,5.000000,10.000000,Alert
43.000000,10.000000,2.000000,5.000000,7.000000,Alert
43.000000,15.000000,1.000000,1.000000,2.000000,Alert
43.000000,20.000000,3.000000,1.000000,4.000000,Alert
43.000000,25.000000,0.000000,8.000000,8.000000,Alert
43.000000,30.000000,0.000000,4.000000,4.000000,Alert
43.000000,35.000000,1.000000,3.000000,4.000000,Alert
43.000000,40.000000,0.000000,2.000000,2.000000,Alert
43.000000,45.000000,0.000000,3.000000,3.000000,Alert
43.000000,50.000000,0.000000,2.000000,2.000000,Alert
43.000000,55.000000,1.000000,1.000000,2.000000,Alert
43.000000,60.000000,0.000000,1.000000,1.000000,Alert
43.000000,-60.000000,7.000000,3.000000,10.000000,Drowsy
43.000000,-55.000000,8.000000,4.000000,12.000000,Drowsy
43.000000,-50.000000,10.000000,2.000000,12.000000,Drowsy
43.000000,-45.000000,15.000000,4.000000,19.000000,Drowsy
43.000000,-40.000000,9.000000,5.000000,14.000000,Drowsy
43.000000,-35.000000,12.000000,3.000000,15.000000,Drowsy
43.000000,-30.000000,12.000000,1.000000,13.000000,Drowsy
43.000000,-25.000000,16.000000,5.000000,21.000000,Drowsy
43.000000,-20.000000,7.000000,5.000000,12.000000,Drowsy
43.000000,-15.000000,9.000000,3.000000,12.000000,Drowsy
43.000000,-10.000000,19.000000,6.000000,25.000000,Drowsy
43.000000,-5.000000,17.000000,17.000000,34.000000,Drowsy
43.000000,0.000000,19.000000,12.000000,31.000000,Drowsy
43.000000,5.000000,10.000000,15.000000,25.000000,Drowsy
43.000000,10.000000,11.000000,11.000000,22.000000,Drowsy
43.000000,15.000000,2.000000,10.000000,12.000000,Drowsy
43.000000,20.000000,5.000000,8.000000,13.000000,Drowsy
43.000000,25.000000,3.000000,17.000000,20.000000,Drowsy
43.000000,30.000000,4.000000,11.000000,15.000000,Drowsy
43.000000,35.000000,5.000000,6.000000,11.000000,Drowsy
43.000000,40.000000,2.000000,10.000000,12.000000,Drowsy
43.000000,45.000000,5.000000,14.000000,19.000000,Drowsy
43.000000,50.000000,1.000000,7.000000,8.000000,Drowsy
43.000000,55.000000,1.000000,11.000000,12.000000,Drowsy
43.000000,60.000000,5.000000,8.000000,13.000000,Drowsy
44.000000,-60.000000,2.000000,0.000000,2.000000,Alert
44.000000,-55.000000,2.000000,0.000000,2.000000,Alert
44.000000,-50.000000,2.000000,0.000000,2.000000,Alert
44.000000,-45.000000,4.000000,0.000000,4.000000,Alert
44.000000,-40.000000,2.000000,0.000000,2.000000,Alert
44.000000,-35.000000,4.000000,0.000000,4.000000,Alert
44.000000,-30.000000,4.000000,0.000000,4.000000,Alert
44.000000,-25.000000,8.000000,0.000000,8.000000,Alert
44.000000,-20.000000,4.000000,0.000000,4.000000,Alert
44.000000,-15.000000,4.000000,0.000000,4.000000,Alert
44.000000,-10.000000,8.000000,0.000000,8.000000,Alert
44.000000,-5.000000,11.000000,1.000000,12.000000,Alert
44.000000,0.000000,7.000000,5.000000,12.000000,Alert
44.000000,5.000000,1.000000,11.000000,12.000000,Alert
44.000000,10.000000,2.000000,6.000000,8.000000,Alert
44.000000,15.000000,0.000000,4.000000,4.000000,Alert
44.000000,20.000000,0.000000,4.000000,4.000000,Alert
44.000000,25.000000,0.000000,8.000000,8.000000,Alert
44.000000,30.000000,0.000000,4.000000,4.000000,Alert
44.000000,35.000000,0.000000,4.000000,4.000000,Alert
44.000000,40.000000,0.000000,2.000000,2.000000,Alert
44.000000,45.000000,0.000000,4.000000,4.000000,Alert
44.000000,50.000000,0.000000,2.000000,2.000000,Alert
44.000000,55.000000,0.000000,2.000000,2.000000,Alert
44.000000,60.000000,0.000000,2.000000,2.000000,Alert
44.000000,-60.000000,2.000000,0.000000,2.000000,Drowsy
44.000000,-55.000000,4.000000,0.000000,4.000000,Drowsy
44.000000,-50.000000,3.000000,0.000000,3.000000,Drowsy
44.000000,-45.000000,12.000000,0.000000,12.000000,Drowsy
44.000000,-40.000000,6.000000,0.000000,6.000000,Drowsy
44.000000,-35.000000,5.000000,0.000000,5.000000,Drowsy
44.000000,-30.000000,4.000000,0.000000,4.000000,Drowsy
44.000000,-25.000000,4.000000,0.000000,4.000000,Drowsy
44.000000,-20.000000,4.000000,0.000000,4.000000,Drowsy
44.000000,-15.000000,6.000000,0.000000,6.000000,Drowsy
44.000000,-10.000000,4.000000,2.000000,6.000000,Drowsy
44.000000,-5.000000,7.000000,2.000000,9.000000,Drowsy
44.000000,0.000000,3.000000,6.000000,9.000000,Drowsy
44.000000,5.000000,2.000000,10.000000,12.000000,Drowsy
44.000000,10.000000,3.000000,1.000000,4.000000,Drowsy
44.000000,15.000000,0.000000,3.000000,3.000000,Drowsy
44.000000,20.000000,0.000000,2.000000,2.000000,Drowsy
44.000000,25.000000,0.000000,8.000000,8.000000,Drowsy
44.000000,30.000000,0.000000,6.000000,6.000000,Drowsy
44.000000,35.000000,0.000000,2.000000,2.000000,Drowsy
44.000000,40.000000,0.000000,3.000000,3.000000,Drowsy
44.000000,45.000000,0.000000,9.000000,9.000000,Drowsy
44.000000,50.000000,0.000000,4.000000,4.000000,Drowsy
44.000000,55.000000,0.000000,2.000000,2.000000,Drowsy
44.000000,60.000000,0.000000,3.000000,3.000000,Drowsy
45.000000,-60.000000,1.000000,0.000000,1.000000,Alert
45.000000,-55.000000,1.000000,1.000000,2.000000,Alert
45.000000,-50.000000,1.000000,0.000000,1.000000,Alert
45.000000,-45.000000,1.000000,0.000000,1.000000,Alert
45.000000,-40.000000,2.000000,0.000000,2.000000,Alert
45.000000,-35.000000,2.000000,2.000000,4.000000,Alert
45.000000,-30.000000,4.000000,0.000000,4.000000,Alert
45.000000,-25.000000,2.000000,3.000000,5.000000,Alert
45.000000,-20.000000,2.000000,2.000000,4.000000,Alert
45.000000,-15.000000,0.000000,2.000000,2.000000,Alert
45.000000,-10.000000,4.000000,3.000000,7.000000,Alert
45.000000,-5.000000,3.000000,8.000000,11.000000,Alert
45.000000,0.000000,2.000000,4.000000,6.000000,Alert
45.000000,5.000000,1.000000,7.000000,8.000000,Alert
45.000000,10.000000,1.000000,4.000000,5.000000,Alert
45.000000,15.000000,0.000000,2.000000,2.000000,Alert
45.000000,20.000000,0.000000,4.000000,4.000000,Alert
45.000000,25.000000,0.000000,8.000000,8.000000,Alert
45.000000,30.000000,0.000000,3.000000,3.000000,Alert
45.000000,35.000000,0.000000,3.000000,3.000000,Alert
45.000000,40.000000,0.000000,2.000000,2.000000,Alert
45.000000,45.000000,0.000000,3.000000,3.000000,Alert
45.000000,50.000000,0.000000,2.000000,2.000000,Alert
45.000000,55.000000,0.000000,2.000000,2.000000,Alert
45.000000,60.000000,0.000000,2.000000,2.000000,Alert
45.000000,-60.000000,6.000000,0.000000,6.000000,Drowsy
45.000000,-55.000000,5.000000,5.000000,10.000000,Drowsy
45.000000,-50.000000,6.000000,1.000000,7.000000,Drowsy
45.000000,-45.000000,9.000000,5.000000,14.000000,Drowsy
45.000000,-40.000000,5.000000,3.000000,8.000000,Drowsy
45.000000,-35.000000,1.000000,6.000000,7.000000,Drowsy
45.000000,-30.000000,5.000000,2.000000,7.000000,Drowsy
45.000000,-25.000000,14.000000,8.000000,22.000000,Drowsy
45.000000,-20.000000,3.000000,4.000000,7.000000,Drowsy
45.000000,-15.000000,6.000000,4.000000,10.000000,Drowsy
45.000000,-10.000000,6.000000,6.000000,12.000000,Drowsy
45.000000,-5.000000,9.000000,14.000000,23.000000,Drowsy
45.000000,0.000000,5.000000,11.000000,16.000000,Drowsy
45.000000,5.000000,7.000000,19.000000,26.000000,Drowsy
45.000000,10.000000,1.000000,10.000000,11.000000,Drowsy
45.000000,15.000000,0.000000,11.000000,11.000000,Drowsy
45.000000,20.000000,0.000000,10.000000,10.000000,Drowsy
45.000000,25.000000,0.000000,16.000000,16.000000,Drowsy
45.000000,30.000000,0.000000,10.000000,10.000000,Drowsy
45.000000,35.000000,0.000000,5.000000,5.000000,Drowsy
45.000000,40.000000,0.000000,10.000000,10.000000,Drowsy
45.000000,45.000000,1.000000,19.000000,20.000000,Drowsy
45.000000,50.000000,0.000000,11.000000,11.000000,Drowsy
45.000000,55.000000,0.000000,10.000000,10.000000,Drowsy
45.000000,60.000000,1.000000,10.000000,11.000000,Drowsy
46.000000,-60.000000,2.000000,0.000000,2.000000,Alert
46.000000,-55.000000,2.000000,0.000000,2.000000,Alert
46.000000,-50.000000,2.000000,0.000000,2.000000,Alert
46.000000,-45.000000,4.000000,0.000000,4.000000,Alert
46.000000,-40.000000,2.000000,0.000000,2.000000,Alert
46.000000,-35.000000,4.000000,0.000000,4.000000,Alert
46.000000,-30.000000,4.000000,0.000000,4.000000,Alert
46.000000,-25.000000,8.000000,0.000000,8.000000,Alert
46.000000,-20.000000,4.000000,0.000000,4.000000,Alert
46.000000,-15.000000,4.000000,0.000000,4.000000,Alert
46.000000,-10.000000,7.000000,1.000000,8.000000,Alert
46.000000,-5.000000,7.000000,4.000000,11.000000,Alert
46.000000,0.000000,3.000000,9.000000,12.000000,Alert
46.000000,5.000000,1.000000,11.000000,12.000000,Alert
46.000000,10.000000,0.000000,8.000000,8.000000,Alert
46.000000,15.000000,0.000000,4.000000,4.000000,Alert
46.000000,20.000000,0.000000,4.000000,4.000000,Alert
46.000000,25.000000,0.000000,8.000000,8.000000,Alert
46.000000,30.000000,0.000000,4.000000,4.000000,Alert
46.000000,35.000000,0.000000,4.000000,4.000000,Alert
46.000000,40.000000,0.000000,2.000000,2.000000,Alert
46.000000,45.000000,0.000000,4.000000,4.000000,Alert
46.000000,50.000000,0.000000,2.000000,2.000000,Alert
46.000000,55.000000,0.000000,2.000000,2.000000,Alert
46.000000,60.000000,0.000000,2.000000,2.000000,Alert
46.000000,-60.000000,0.000000,1.000000,1.000000,Drowsy
46.000000,-55.000000,2.000000,0.000000,2.000000,Drowsy
46.000000,-50.000000,0.000000,0.000000,0.000000,Drowsy
46.000000,-45.000000,3.000000,0.000000,3.000000,Drowsy
46.000000,-40.000000,4.000000,0.000000,4.000000,Drowsy
46.000000,-35.000000,5.000000,1.000000,6.000000,Drowsy
46.000000,-30.000000,2.000000,0.000000,2.000000,Drowsy
46.000000,-25.000000,2.000000,2.000000,4.000000,Drowsy
46.000000,-20.000000,1.000000,1.000000,2.000000,Drowsy
46.000000,-15.000000,0.000000,1.000000,1.000000,Drowsy
46.000000,-10.000000,1.000000,0.000000,1.000000,Drowsy
46.000000,-5.000000,2.000000,2.000000,4.000000,Drowsy
46.000000,0.000000,3.000000,2.000000,5.000000,Drowsy
46.000000,5.000000,0.000000,7.000000,7.000000,Drowsy
46.000000,10.000000,0.000000,1.000000,1.000000,Drowsy
46.000000,15.000000,0.000000,1.000000,1.000000,Drowsy
46.000000,20.000000,0.000000,1.000000,1.000000,Drowsy
46.000000,25.000000,0.000000,1.000000,1.000000,Drowsy
46.000000,30.000000,0.000000,1.000000,1.000000,Drowsy
46.000000,35.000000,0.000000,3.000000,3.000000,Drowsy
46.000000,40.000000,0.000000,5.000000,5.000000,Drowsy
46.000000,45.000000,0.000000,4.000000,4.000000,Drowsy
46.000000,50.000000,0.000000,2.000000,2.000000,Drowsy
46.000000,55.000000,0.000000,2.000000,2.000000,Drowsy
46.000000,60.000000,0.000000,1.000000,1.000000,Drowsy
