Subj_id,Stim_id,Wav_fname,Stim_loc,Stim_lat,Stim_ang,Stim_dts,Acc,RT,Resp_but,Alertness,ovtrialsnos
"s_02",27,"R15","R",2,35,"R35",1,0.90477060434908,8,"Alert",1
"s_02",16,"L23","L",1,12,"L12",1,1.03242257941685,1,"Alert",2
"s_02",68,"R18flip","L",1,35,"L35",1,1.14584361827365,1,"Alert",3
"s_02",12,"L19","L",1,35,"L35",1,1.09955907755247,1,"Alert",4
"s_02",65,"R15flip","L",1,35,"L35",1,1.22859201433614,1,"Alert",5
"s_02",56,"L25flip","R",2,12,"R12",1,1.54108450910942,8,"Alert",6
"s_02",30,"R18","R",2,35,"R35",1,0.864819192032195,8,"Alert",7
"s_02",48,"L17flip","R",2,35,"R35",1,0.826864041727521,8,"Alert",8
"s_02",8,"L15","L",1,35,"L35",1,0.834556065198225,1,"Alert",9
"s_02",7,"L14","L",1,35,"L35",1,0.68421444267341,1,"Alert",10
"s_02",63,"R13flip","L",1,60,"L60",1,0.556977115344943,1,"Alert",11
"s_02",4,"L11","L",1,60,"L60",1,0.870061817409252,1,"Alert",12
"s_02",67,"R17flip","L",1,35,"L35",1,0.778305609752843,1,"Alert",13
"s_02",74,"R24flip","L",1,12,"L12",0,0.958704574775664,8,"Alert",14
"s_02",28,"R16","R",2,35,"R35",1,0.643397812425269,8,"Alert",15
"s_02",45,"L14flip","R",2,35,"R35",1,0.796710734963118,8,"Alert",16
"s_02",49,"L18flip","R",2,35,"R35",1,0.842458491605949,8,"Alert",17
"s_02",33,"R21","R",2,12,"R12",1,1.48587221254597,8,"Alert",18
"s_02",72,"R22flip","L",1,12,"L12",0,2.00919204245829,8,"Alert",19
"s_02",65,"R15flip","L",1,35,"L35",1,0.64990439495813,1,"Alert",20
"s_02",1,"L8","L",1,60,"L60",1,0.5522322725262,1,"Alert",21
"s_02",47,"L16flip","R",2,35,"R35",1,0.565920779701967,8,"Alert",22
"s_02",68,"R18flip","L",1,35,"L35",1,1.51582794582073,1,"Alert",23
"s_02",34,"R22","R",2,12,"R12",1,1.15395080266155,8,"Alert",24
"s_02",50,"L19flip","R",2,35,"R35",1,1.32610299890898,8,"Alert",25
"s_02",69,"R19flip","L",1,35,"L35",1,0.956151001569298,1,"Alert",26
"s_02",74,"R24flip","L",1,12,"L12",1,1.78437393836323,1,"Alert",27
"s_02",11,"L18","L",1,35,"L35",1,0.773019364254696,1,"Alert",28
"s_02",72,"R22flip","L",1,12,"L12",1,1.54946008553649,1,"Alert",29
"s_02",18,"L25","L",1,12,"L12",0,1.74301744496937,8,"Alert",30
"s_02",15,"L22","L",1,12,"L12",1,0.925682090399365,1,"Alert",31
"s_02",73,"R23flip","L",1,12,"L12",0,2.15771906794578,8,"Alert",32
"s_02",54,"L23flip","R",2,12,"R12",1,0.880139604914602,8,"Alert",33
"s_02",40,"L9flip","R",2,60,"R60",1,1.3637666641692,8,"Alert",34
"s_02",13,"L20","L",1,12,"L12",1,2.14267525794887,1,"Alert",35
"s_02",37,"R25","R",2,12,"R12",1,0.89819269008879,8,"Alert",36
"s_02",17,"L24","L",1,12,"L12",1,1.49523514324335,1,"Alert",37
"s_02",32,"R20","R",2,12,"R12",1,0.833743191412276,8,"Alert",38
"s_02",23,"R11","R",2,60,"R60",1,0.626216103317079,8,"Alert",39
"s_02",15,"L22","L",1,12,"L12",1,0.767197874211887,1,"Alert",40
"s_02",26,"R14","R",2,35,"R35",1,0.736312775768971,8,"Alert",41
"s_02",70,"R20flip","L",1,12,"L12",1,1.14009653902564,1,"Alert",42
"s_02",22,"R10","R",2,60,"R60",1,0.68131601392149,8,"Alert",43
"s_02",5,"L12","L",1,60,"L60",1,0.658809057795121,1,"Alert",44
"s_02",25,"R13","R",2,60,"R60",1,0.616329217988733,8,"Alert",45
"s_02",71,"R21flip","L",1,12,"L12",1,1.01766614904123,1,"Alert",46
"s_02",18,"L25","L",1,12,"L12",0,1.08255749388549,8,"Alert",47
"s_02",31,"R19","R",2,35,"R35",1,0.79271975047238,8,"Alert",48
"s_02",52,"L21flip","R",2,12,"R12",1,0.806501656025068,8,"Alert",49
"s_02",56,"L25flip","R",2,12,"R12",1,2.1510128592117,8,"Alert",50
"s_02",75,"R25flip","L",1,12,"L12",0,1.15928220781447,8,"Alert",51
"s_02",46,"L15flip","R",2,35,"R35",1,0.901259441190326,8,"Alert",52
"s_02",14,"L21","L",1,12,"L12",1,0.764516006531728,1,"Alert",53
"s_02",32,"R20","R",2,12,"R12",1,1.23539367415872,8,"Alert",54
"s_02",10,"L17","L",1,35,"L35",1,0.89431460473499,1,"Alert",55
"s_02",64,"R14flip","L",1,35,"L35",1,1.57730563130631,1,"Alert",56
"s_02",58,"R8flip","L",1,60,"L60",1,0.9606238601036,1,"Alert",57
"s_02",29,"R17","R",2,35,"R35",1,1.04564050246274,8,"Alert",58
"s_02",66,"R16flip","L",1,35,"L35",1,0.73728935330348,1,"Alert",59
"s_02",44,"L13flip","R",2,60,"R60",1,0.74618991071731,8,"Alert",60
"s_02",52,"L21flip","R",2,12,"R12",1,1.12716599560104,8,"Alert",61
"s_02",75,"R25flip","L",1,12,"L12",0,1.65815732186825,8,"Alert",62
"s_02",21,"R9","R",2,60,"R60",1,0.588669442616961,8,"Alert",63
"s_02",71,"R21flip","L",1,12,"L12",1,0.938123062111973,1,"Alert",64
"s_02",28,"R16","R",2,35,"R35",1,0.633077291775503,8,"Alert",65
"s_02",60,"R10flip","L",1,60,"L60",1,0.619654610749435,1,"Alert",66
"s_02",51,"L20flip","R",2,12,"R12",1,0.875370129556891,8,"Alert",67
"s_02",62,"R12flip","L",1,60,"L60",1,0.626918643855567,1,"Alert",68
"s_02",31,"R19","R",2,35,"R35",1,1.31139172818814,8,"Alert",69
"s_02",2,"L9","L",1,60,"L60",1,0.673573699017059,1,"Alert",70
"s_02",61,"R11flip","L",1,60,"L60",1,0.708158296906256,1,"Alert",71
"s_02",16,"L23","L",1,12,"L12",1,0.96940330753417,1,"Alert",72
"s_02",59,"R9flip","L",1,60,"L60",1,0.577159375606191,1,"Alert",73
"s_02",35,"R23","R",2,12,"R12",1,1.21367495927933,8,"Alert",74
"s_02",69,"R19flip","L",1,35,"L35",1,0.806511406405076,1,"Alert",75
"s_02",53,"L22flip","R",2,12,"R12",1,0.699984399391987,8,"Alert",76
"s_02",17,"L24","L",1,12,"L12",1,0.991211315367317,1,"Alert",77
"s_02",30,"R18","R",2,35,"R35",1,0.979778738218719,8,"Alert",78
"s_02",26,"R14","R",2,35,"R35",1,0.719304007611455,8,"Alert",79
"s_02",14,"L21","L",1,12,"L12",1,0.899359656622407,1,"Alert",80
"s_02",37,"R25","R",2,12,"R12",1,1.9131513125551,8,"Alert",81
"s_02",76,"R0flip","L",0,0,"L0",0,0.757496759281592,8,"Alert",82
"s_02",29,"R17","R",2,35,"R35",1,0.881331203987187,8,"Alert",83
"s_02",53,"L22flip","R",2,12,"R12",1,1.78619469353529,8,"Alert",84
"s_02",73,"R23flip","L",1,12,"L12",1,1.08254209854863,1,"Alert",85
"s_02",33,"R21","R",2,12,"R12",1,1.83926395920852,8,"Alert",86
"s_02",12,"L19","L",1,35,"L35",1,0.759804520276172,1,"Alert",87
"s_02",35,"R23","R",2,12,"R12",1,2.00783160785819,8,"Alert",88
"s_02",49,"L18flip","R",2,35,"R35",1,0.986185251062022,8,"Alert",89
"s_02",70,"R20flip","L",1,12,"L12",1,0.895466689109647,1,"Alert",90
"s_02",57,"L0flip","R",0,0,"R0",1,1.73059853990625,8,"Alert",91
"s_02",9,"L16","L",1,35,"L35",1,0.725092654268973,1,"Alert",92
"s_02",7,"L14","L",1,35,"L35",1,0.629267972259656,1,"Alert",93
"s_02",6,"L13","L",1,60,"L60",1,0.629645158012606,1,"Alert",94
"s_02",41,"L10flip","R",2,60,"R60",1,1.06047339634474,8,"Alert",95
"s_02",9,"L16","L",1,35,"L35",1,1.03175134272996,1,"Alert",96
"s_02",39,"L8flip","R",2,60,"R60",1,0.598597382176921,8,"Alert",97
"s_02",54,"L23flip","R",2,12,"R12",1,1.3089423300945,8,"Alert",98
"s_02",46,"L15flip","R",2,35,"R35",1,0.677410216961351,8,"Alert",99
"s_02",8,"L15","L",1,35,"L35",1,0.602926037722681,1,"Alert",100
"s_02",36,"R24","R",2,12,"R12",1,1.39745012167448,8,"Alert",101
"s_02",24,"R12","R",2,60,"R60",1,0.713836097138417,8,"Alert",102
"s_02",20,"R8","R",2,60,"R60",1,0.715976048961277,8,"Alert",103
"s_02",34,"R22","R",2,12,"R12",1,2.32361203340583,8,"Alert",104
"s_02",64,"R14flip","L",1,35,"L35",1,0.578509033470489,1,"Alert",105
"s_02",67,"R17flip","L",1,35,"L35",1,0.650003438291898,1,"Alert",106
"s_02",11,"L18","L",1,35,"L35",1,1.41799417235182,1,"Alert",107
"s_02",43,"L12flip","R",2,60,"R60",1,0.672636636180479,8,"Alert",108
"s_02",27,"R15","R",2,35,"R35",1,0.9021441598816,8,"Alert",109
"s_02",3,"L10","L",1,60,"L60",1,0.706561287296486,1,"Alert",110
"s_02",55,"L24flip","R",2,12,"R12",1,2.22607179769296,8,"Alert",111
"s_02",47,"L16flip","R",2,35,"R35",1,0.880441866694857,8,"Alert",112
"s_02",42,"L11flip","R",2,60,"R60",1,1.38161499136322,8,"Alert",113
"s_02",48,"L17flip","R",2,35,"R35",1,0.716525149309109,8,"Alert",114
"s_02",66,"R16flip","L",1,35,"L35",1,0.551415806494985,1,"Alert",115
"s_02",51,"L20flip","R",2,12,"R12",1,2.62322427618824,8,"Alert",116
"s_02",50,"L19flip","R",2,35,"R35",1,1.10740146214646,8,"Alert",117
"s_02",36,"R24","R",2,12,"R12",1,1.59748070707703,8,"Alert",118
"s_02",45,"L14flip","R",2,35,"R35",1,1.00440665858583,8,"Alert",119
"s_02",38,"R0","R",0,0,"R0",1,3.17281984068905,8,"Alert",120
"s_02",10,"L17","L",1,35,"L35",1,0.784538155289684,1,"Alert",121
"s_02",13,"L20","L",1,12,"L12",1,1.16423899310392,1,"Alert",122
"s_02",19,"L0","L",0,0,"L0",1,1.24370612970469,1,"Alert",123
"s_02",55,"L24flip","R",2,12,"R12",0,1.70681890259986,1,"Alert",124
"s_02",33,"R21","R",2,12,"R12",1,1.60876087039076,8,"NA",125
"s_02",47,"L16flip","R",2,35,"R35",1,0.855142709640868,8,"Relaxed",126
"s_02",27,"R15","R",2,35,"R35",1,0.796646074548326,8,"Relaxed",127
"s_02",21,"R9","R",2,60,"R60",1,0.729070809312331,8,"Relaxed",128
"s_02",33,"R21","R",2,12,"R12",0,1.86188484082761,1,"Relaxed",129
"s_02",15,"L22","L",1,12,"L12",1,0.622564329415049,1,"Relaxed",130
"s_02",22,"R10","R",2,60,"R60",1,1.29726342755622,8,"Relaxed",131
"s_02",41,"L10flip","R",2,60,"R60",1,0.819894059555321,8,"Drowsy",132
"s_02",58,"R8flip","L",1,60,"L60",1,0.533551570786219,1,"Relaxed",133
"s_02",22,"R10","R",2,60,"R60",1,1.02048298250782,8,"Relaxed",134
"s_02",37,"R25","R",2,12,"R12",0,2.45450113463633,1,"Relaxed",135
"s_02",49,"L18flip","R",2,35,"R35",0,1.32434074601697,1,"Relaxed",136
"s_02",63,"R13flip","L",1,60,"L60",1,0.693458829277004,1,"Relaxed",137
"s_02",65,"R15flip","L",1,35,"L35",1,0.769354760905287,1,"Relaxed",138
"s_02",65,"R15flip","L",1,35,"L35",1,0.760923248087643,1,"Relaxed",139
"s_02",10,"L17","L",1,35,"L35",1,0.607283944408465,1,"Drowsy",140
"s_02",43,"L12flip","R",2,60,"R60",1,1.12971289749477,8,"Relaxed",141
"s_02",43,"L12flip","R",2,60,"R60",1,1.39765539283255,8,"Relaxed",142
"s_02",40,"L9flip","R",2,60,"R60",1,1.10973847428106,8,"Relaxed",143
"s_02",47,"L16flip","R",2,35,"R35",1,1.53880035429802,8,"Relaxed",144
"s_02",52,"L21flip","R",2,12,"R12",1,1.38684530047079,8,"Relaxed",145
"s_02",1,"L8","L",1,60,"L60",1,0.751482827528094,1,"Relaxed",146
"s_02",13,"L20","L",1,12,"L12",1,0.990036137987378,1,"Relaxed",147
"s_02",20,"R8","R",2,60,"R60",1,1.02704447507546,8,"Relaxed",148
"s_02",11,"L18","L",1,35,"L35",1,1.43726708138283,1,"Relaxed",149
"s_02",46,"L15flip","R",2,35,"R35",1,1.59717895847467,8,"Drowsy",150
"s_02",57,"L0flip","R",0,0,"R0",1,1.18559181214405,8,"Relaxed",151
"s_02",51,"L20flip","R",2,12,"R12",1,1.14567016414508,8,"Relaxed",152
"s_02",23,"R11","R",2,60,"R60",1,1.11822746302297,8,"Relaxed",153
"s_02",61,"R11flip","L",1,60,"L60",1,0.755239802898634,1,"Relaxed",154
"s_02",53,"L22flip","R",2,12,"R12",1,1.59322543597028,8,"Relaxed",155
"s_02",32,"R20","R",2,12,"R12",1,1.33780242856307,8,"Drowsy",156
"s_02",13,"L20","L",1,12,"L12",1,1.08306502682381,1,"Relaxed",157
"s_02",44,"L13flip","R",2,60,"R60",1,0.778386178682385,8,"Drowsy",158
"s_02",54,"L23flip","R",2,12,"R12",1,1.15045452166175,8,"Relaxed",159
"s_02",25,"R13","R",2,60,"R60",1,1.44262311907472,8,"Relaxed",160
"s_02",1,"L8","L",1,60,"L60",1,1.56911171985413,1,"Relaxed",161
"s_02",72,"R22flip","L",1,12,"L12",1,1.27904407274399,1,"Relaxed",162
"s_02",40,"L9flip","R",2,60,"R60",1,1.22753692058367,8,"Drowsy",163
"s_02",17,"L24","L",1,12,"L12",1,1.45699569238475,1,"Drowsy",164
"s_02",31,"R19","R",2,35,"R35",1,2.63037335744585,8,"Relaxed",165
"s_02",29,"R17","R",2,35,"R35",1,1.71017867827954,8,"Relaxed",166
"s_02",53,"L22flip","R",2,12,"R12",1,1.32264315353975,8,"Relaxed",167
"s_02",11,"L18","L",1,35,"L35",1,1.00083391407965,1,"Relaxed",168
"s_02",28,"R16","R",2,35,"R35",1,1.30809815245694,8,"Relaxed",169
"s_02",53,"L22flip","R",2,12,"R12",1,1.41390773677258,8,"Relaxed",170
"s_02",19,"L0","L",0,0,"L0",0,3.79364501021737,8,"Relaxed",171
"s_02",71,"R21flip","L",1,12,"L12",1,1.7167488948714,1,"Drowsy",172
"s_02",12,"L19","L",1,35,"L35",1,1.29638384064389,1,"Relaxed",173
"s_02",58,"R8flip","L",1,60,"L60",1,1.17610161332867,1,"Drowsy",174
"s_02",15,"L22","L",1,12,"L12",1,0.973660631352501,1,"Relaxed",175
"s_02",74,"R24flip","L",1,12,"L12",0,2.68004076685199,8,"Relaxed",176
"s_02",74,"R24flip","L",1,12,"L12",0,2.35148015900304,8,"Drowsy",177
"s_02",52,"L21flip","R",2,12,"R12",1,3.15221010324113,8,"Relaxed",178
"s_02",13,"L20","L",1,12,"L12",1,1.80519048650291,1,"Relaxed",179
"s_02",67,"R17flip","L",1,35,"L35",1,2.53032983996034,1,"Drowsy",180
"s_02",24,"R12","R",2,60,"R60",1,0.8926241967483,8,"Drowsy",181
"s_02",12,"L19","L",1,35,"L35",1,2.16870004854663,1,"Drowsy",182
"s_02",2,"L9","L",1,60,"L60",1,1.32562523028858,1,"Relaxed",183
"s_02",47,"L16flip","R",2,35,"R35",1,1.09215546005885,8,"NA",184
"s_02",15,"L22","L",1,12,"L12",1,2.18067608108621,1,"Drowsy",185
"s_02",22,"R10","R",2,60,"R60",1,1.27352125223617,8,"Drowsy",186
"s_02",62,"R12flip","L",1,60,"L60",1,1.08564477210283,1,"Relaxed",187
"s_02",45,"L14flip","R",2,35,"R35",0,2.91707045214052,1,"Drowsy",188
"s_02",49,"L18flip","R",2,35,"R35",1,1.14442673410508,8,"Relaxed",189
"s_02",38,"R0","R",0,0,"R0",1,2.34018665306403,8,"NA",190
"s_02",72,"R22flip","L",1,12,"L12",1,3.03774115512239,1,"Relaxed",191
"s_02",8,"L15","L",1,35,"L35",1,1.05760011330968,1,"Drowsy",192
"s_02",17,"L24","L",1,12,"L12",1,3.68145867737635,1,"Drowsy",193
"s_02",25,"R13","R",2,60,"R60",1,1.43449489439312,8,"Drowsy",194
"s_02",53,"L22flip","R",2,12,"R12",1,2.37270160450201,8,"Drowsy",195
"s_02",20,"R8","R",2,60,"R60",1,1.01014963241067,8,"Drowsy",196
"s_02",50,"L19flip","R",2,35,"R35",0,1.44162139582335,1,"NA",197
"s_02",12,"L19","L",1,35,"L35",1,1.14245613098763,1,"NA",198
"s_02",17,"L24","L",1,12,"L12",1,0.936993557564704,1,"NA",199
"s_02",16,"L23","L",1,12,"L12",1,0.836827903740143,1,"Relaxed",200
"s_02",17,"L24","L",1,12,"L12",1,1.24577936840117,1,"Drowsy",201
"s_02",73,"R23flip","L",1,12,"L12",1,1.43524772636534,1,"Drowsy",202
"s_02",12,"L19","L",1,35,"L35",1,1.96357052757767,1,"Relaxed",203
"s_02",9,"L16","L",1,35,"L35",1,3.37110716078171,1,"Drowsy",204
"s_02",53,"L22flip","R",2,12,"R12",1,1.43262179507575,8,"Relaxed",205
"s_02",3,"L10","L",1,60,"L60",1,0.875955152357385,1,"Drowsy",206
"s_02",46,"L15flip","R",2,35,"R35",1,3.11389162298667,8,"Relaxed",207
"s_02",43,"L12flip","R",2,60,"R60",1,0.878491277515316,8,"NA",208
"s_02",75,"R25flip","L",1,12,"L12",0,1.58296290442267,8,"NA",209
"s_02",49,"L18flip","R",2,35,"R35",1,2.92846094870171,8,"Drowsy",210
"s_02",19,"L0","L",0,0,"L0",1,4.24583633114754,1,"Relaxed",211
"s_02",74,"R24flip","L",1,12,"L12",1,1.21208359462641,1,"NA",212
"s_02",75,"R25flip","L",1,12,"L12",1,1.60524303591937,1,"NA",213
"s_02",59,"R9flip","L",1,60,"L60",1,3.7162069790141,1,"NA",214
"s_02",39,"L8flip","R",2,60,"R60",1,1.63368899982655,8,"Relaxed",215
"s_02",43,"L12flip","R",2,60,"R60",1,1.67689242046512,8,"NA",216
"s_02",76,"R0flip","L",0,0,"L0",0,1.50009699062219,8,"Relaxed",217
"s_02",14,"L21","L",1,12,"L12",1,1.7170578279643,1,"NA",218
"s_02",32,"R20","R",2,12,"R12",1,1.85361703175853,8,"Drowsy",219
"s_02",20,"R8","R",2,60,"R60",1,1.12733791019592,8,"Relaxed",220
"s_02",20,"R8","R",2,60,"R60",1,2.07038542738995,8,"Drowsy",221
"s_02",45,"L14flip","R",2,35,"R35",1,2.66139906663204,8,"Drowsy",222
"s_02",17,"L24","L",1,12,"L12",0,3.5148216039683,8,"Drowsy",223
"s_02",42,"L11flip","R",2,60,"R60",1,1.90443190693827,8,"Drowsy",224
"s_02",43,"L12flip","R",2,60,"R60",1,1.99326454012589,8,"Relaxed",225
"s_02",70,"R20flip","L",1,12,"L12",1,1.40313459321928,1,"NA",226
"s_02",75,"R25flip","L",1,12,"L12",0,1.62637467528669,8,"Drowsy",227
"s_02",2,"L9","L",1,60,"L60",1,0.879535594531987,1,"NA",228
"s_02",31,"R19","R",2,35,"R35",0,2.63858574330226,1,"NA",229
"s_02",48,"L17flip","R",2,35,"R35",1,1.18250299439302,8,"NA",230
"s_02",34,"R22","R",2,12,"R12",1,3.48887379005482,8,"Drowsy",231
"s_02",63,"R13flip","L",1,60,"L60",0,2.97967302357231,8,"Drowsy",232
"s_02",68,"R18flip","L",1,35,"L35",0,2.57916436164262,8,"Relaxed",233
"s_02",39,"L8flip","R",2,60,"R60",1,1.23730269592875,8,"Drowsy",234
"s_02",18,"L25","L",1,12,"L12",0,1.67193974059884,8,"Relaxed",235
"s_02",39,"L8flip","R",2,60,"R60",1,1.11175885565435,8,"Drowsy",236
"s_02",45,"L14flip","R",2,35,"R35",1,1.47992499391884,8,"Drowsy",237
"s_02",33,"R21","R",2,12,"R12",1,1.98028267891178,8,"Relaxed",238
"s_02",9,"L16","L",1,35,"L35",1,1.5589364285487,1,"Relaxed",239
"s_02",18,"L25","L",1,12,"L12",0,2.89812854285189,8,"Drowsy",240
"s_02",6,"L13","L",1,60,"L60",1,1.14444366897562,1,"Drowsy",241
"s_02",2,"L9","L",1,60,"L60",1,3.57873534492226,1,"Drowsy",242
"s_02",70,"R20flip","L",1,12,"L12",1,2.7807119009033,1,"Drowsy",243
"s_02",2,"L9","L",1,60,"L60",1,3.60232048780638,1,"Relaxed",244
"s_02",58,"R8flip","L",1,60,"L60",1,1.66001348631509,1,"NA",245
"s_02",10,"L17","L",1,35,"L35",1,1.27511877502384,1,"Drowsy",246
"s_02",35,"R23","R",2,12,"R12",1,1.92551325487185,8,"Relaxed",247
"s_02",21,"R9","R",2,60,"R60",1,0.858700571988082,8,"Relaxed",248
"s_02",6,"L13","L",1,60,"L60",1,1.42043843866652,1,"Relaxed",249
"s_02",24,"R12","R",2,60,"R60",1,0.958928320337958,8,"Drowsy",250
"s_02",48,"L17flip","R",2,35,"R35",1,1.95171611819924,8,"Drowsy",251
"s_02",7,"L14","L",1,35,"L35",1,0.801516645951386,1,"Drowsy",252
"s_02",46,"L15flip","R",2,35,"R35",1,1.64165916571643,8,"Relaxed",253
"s_02",48,"L17flip","R",2,35,"R35",1,1.41348333865328,8,"Drowsy",254
"s_02",50,"L19flip","R",2,35,"R35",1,1.87001101279763,8,"Drowsy",255
"s_02",5,"L12","L",1,60,"L60",1,2.34486375640061,1,"Drowsy",256
"s_02",27,"R15","R",2,35,"R35",1,0.800702745809646,8,"NA",257
"s_02",18,"L25","L",1,12,"L12",0,1.68126315659829,8,"NA",258
"s_02",10,"L17","L",1,35,"L35",1,1.8702373242494,1,"NA",259
"s_02",59,"R9flip","L",1,60,"L60",1,1.52402442316239,1,"Relaxed",260
"s_02",32,"R20","R",2,12,"R12",1,0.869131939063204,8,"NA",261
"s_02",63,"R13flip","L",1,60,"L60",1,0.822345510360548,1,"Drowsy",262
"s_02",12,"L19","L",1,35,"L35",1,2.59060720234912,1,"Drowsy",263
"s_02",18,"L25","L",1,12,"L12",1,1.73131031764685,1,"Drowsy",264
"s_02",5,"L12","L",1,60,"L60",1,2.26351274374667,1,"Drowsy",265
"s_02",33,"R21","R",2,12,"R12",1,1.96625701385888,8,"Relaxed",266
"s_02",58,"R8flip","L",1,60,"L60",1,0.709508467948448,1,"Relaxed",267
"s_02",12,"L19","L",1,35,"L35",1,1.08288695409418,1,"Relaxed",268
"s_02",36,"R24","R",2,12,"R12",1,1.48958094919436,8,"Drowsy",269
"s_02",37,"R25","R",2,12,"R12",1,2.3057760224813,8,"Grapho",270
"s_02",37,"R25","R",2,12,"R12",1,1.00350705773559,8,"Drowsy",271
"s_02",75,"R25flip","L",1,12,"L12",1,1.9851465790022,1,"NA",272
"s_02",29,"R17","R",2,35,"R35",1,0.990253212237035,8,"NA",273
"s_02",32,"R20","R",2,12,"R12",1,1.88560392314237,8,"Relaxed",274
"s_02",10,"L17","L",1,35,"L35",1,2.87539578845165,1,"Drowsy",275
"s_02",55,"L24flip","R",2,12,"R12",1,1.10964148365888,8,"NA",276
"s_02",30,"R18","R",2,35,"R35",1,0.578761003817017,8,"NA",277
"s_02",18,"L25","L",1,12,"L12",0,1.17919145743549,8,"NA",278
"s_02",34,"R22","R",2,12,"R12",1,2.72022824100066,8,"NA",279
"s_02",68,"R18flip","L",1,35,"L35",0,3.12294921283643,8,"NA",280
"s_02",10,"L17","L",1,35,"L35",1,1.01728383150933,1,"NA",281
"s_02",5,"L12","L",1,60,"L60",1,2.09682743161648,1,"Drowsy",282
"s_02",4,"L11","L",1,60,"L60",1,1.0507661232797,1,"NA",283
"s_02",70,"R20flip","L",1,12,"L12",1,1.77359566303097,1,"Drowsy",284
"s_02",30,"R18","R",2,35,"R35",1,1.0092967307489,8,"Drowsy",285
"s_02",33,"R21","R",2,12,"R12",1,1.11444636829135,8,"Drowsy",286
"s_02",40,"L9flip","R",2,60,"R60",1,2.64830020085783,8,"Relaxed",287
"s_02",40,"L9flip","R",2,60,"R60",1,1.9007842384594,8,"Drowsy",288
"s_02",71,"R21flip","L",1,12,"L12",1,4.47127538049575,1,"Relaxed",289
"s_02",31,"R19","R",2,35,"R35",1,1.07854033732209,8,"Drowsy",290
"s_02",47,"L16flip","R",2,35,"R35",1,1.71479317391291,8,"Drowsy",291
"s_02",66,"R16flip","L",1,35,"L35",1,1.23459362982015,1,"NA",292
"s_02",25,"R13","R",2,60,"R60",1,0.768439764718199,8,"NA",293
"s_02",32,"R20","R",2,12,"R12",1,1.30319217177912,8,"Relaxed",294
"s_02",62,"R12flip","L",1,60,"L60",1,1.39974967182274,1,"Drowsy",295
"s_02",20,"R8","R",2,60,"R60",1,1.02095715888296,8,"Relaxed",296
"s_02",58,"R8flip","L",1,60,"L60",1,1.31809947645591,1,"Relaxed",297
"s_02",70,"R20flip","L",1,12,"L12",1,2.33340808624673,1,"Relaxed",298
"s_02",23,"R11","R",2,60,"R60",1,1.13817058238507,8,"Drowsy",299
"s_02",72,"R22flip","L",1,12,"L12",1,3.01782933961189,1,"Drowsy",300
"s_02",36,"R24","R",2,12,"R12",1,3.32338264288669,8,"Drowsy",301
"s_02",50,"L19flip","R",2,35,"R35",1,2.21197172184526,8,"Drowsy",302
"s_02",13,"L20","L",1,12,"L12",1,2.11775072075835,1,"Relaxed",303
"s_02",35,"R23","R",2,12,"R12",1,1.38614173357651,8,"NA",304
"s_02",60,"R10flip","L",1,60,"L60",1,2.1761513915845,1,"Drowsy",305
"s_02",64,"R14flip","L",1,35,"L35",1,3.6382839946999,1,"NA",306
"s_02",66,"R16flip","L",1,35,"L35",1,4.4463441719926,1,"Drowsy",307
"s_02",70,"R20flip","L",1,12,"L12",1,3.76619563778262,1,"Drowsy",308
"s_02",20,"R8","R",2,60,"R60",1,1.83797434315795,8,"Drowsy",309
"s_02",62,"R12flip","L",1,60,"L60",1,2.15143007284047,1,"Drowsy",310
"s_02",61,"R11flip","L",1,60,"L60",1,1.21583800410748,1,"Drowsy",311
"s_02",27,"R15","R",2,35,"R35",1,0.929459592885712,8,"Drowsy",312
"s_02",44,"L13flip","R",2,60,"R60",1,2.64943945578511,8,"Drowsy",313
"s_02",22,"R10","R",2,60,"R60",1,0.609928350102276,8,"Drowsy",314
"s_02",64,"R14flip","L",1,35,"L35",1,1.55025910351927,1,"NA",315
"s_02",22,"R10","R",2,60,"R60",1,0.857148722033088,8,"Drowsy",316
"s_02",67,"R17flip","L",1,35,"L35",1,1.17862850128448,1,"NA",317
"s_02",57,"L0flip","R",0,0,"R0",1,0.999915325647297,8,"NA",318
"s_02",42,"L11flip","R",2,60,"R60",1,1.01170969321199,8,"NA",319
"s_02",72,"R22flip","L",1,12,"L12",1,4.23546397953036,1,"Drowsy",320
"s_02",30,"R18","R",2,35,"R35",1,0.157970011936518,8,"Drowsy",321
"s_02",49,"L18flip","R",2,35,"R35",1,1.69690327930939,8,"Drowsy",322
"s_02",39,"L8flip","R",2,60,"R60",1,0.996323080381106,8,"Drowsy",323
"s_02",26,"R14","R",2,35,"R35",1,1.17404171725745,8,"NA",324
"s_02",52,"L21flip","R",2,12,"R12",1,1.94482208635552,8,"Drowsy",325
"s_02",25,"R13","R",2,60,"R60",1,1.80728168642573,8,"Drowsy",326
"s_02",60,"R10flip","L",1,60,"L60",1,4.010476013552,1,"Drowsy",327
"s_02",36,"R24","R",2,12,"R12",1,1.64237966748125,8,"Drowsy",328
"s_02",52,"L21flip","R",2,12,"R12",1,1.28359647385205,8,"Drowsy",329
"s_02",71,"R21flip","L",1,12,"L12",1,2.43108790634709,1,"Drowsy",330
"s_02",5,"L12","L",1,60,"L60",1,2.52323618191541,1,"Relaxed",331
"s_02",40,"L9flip","R",2,60,"R60",1,1.17489102667396,8,"Drowsy",332
"s_02",42,"L11flip","R",2,60,"R60",1,0.945447137031841,8,"Drowsy",333
"s_02",34,"R22","R",2,12,"R12",1,1.0888244223413,8,"NA",334
"s_02",1,"L8","L",1,60,"L60",1,2.8287253379533,1,"Drowsy",335
"s_02",66,"R16flip","L",1,35,"L35",1,1.55753288700541,1,"Drowsy",336
"s_02",72,"R22flip","L",1,12,"L12",0,0.77818911837064,8,"NA",337
"s_02",58,"R8flip","L",1,60,"L60",1,0.820294338313554,1,"NA",338
"s_02",22,"R10","R",2,60,"R60",1,1.35475372079633,8,"Drowsy",339
"s_02",14,"L21","L",1,12,"L12",0,1.40219958309428,8,"Drowsy",340
"s_02",70,"R20flip","L",1,12,"L12",1,1.73729397190454,1,"Drowsy",341
"s_02",52,"L21flip","R",2,12,"R12",1,1.63281454469318,8,"Drowsy",342
"s_02",44,"L13flip","R",2,60,"R60",1,1.42067090825303,8,"Grapho",343
"s_02",48,"L17flip","R",2,35,"R35",1,0.79256784981541,8,"Grapho",344
"s_02",8,"L15","L",1,35,"L35",1,2.24989762100991,1,"Drowsy",345
"s_02",21,"R9","R",2,60,"R60",1,1.34258216747869,8,"Drowsy",346
"s_02",21,"R9","R",2,60,"R60",1,1.72512703718795,8,"Drowsy",347
"s_02",4,"L11","L",1,60,"L60",1,2.08459327059562,1,"Grapho",348
"s_02",1,"L8","L",1,60,"L60",1,1.53061619322585,1,"Drowsy",349
"s_02",7,"L14","L",1,35,"L35",1,2.23154022134389,1,"Drowsy",350
"s_02",76,"R0flip","L",0,0,"L0",0,1.7752824787724,8,"Grapho",351
"s_02",57,"L0flip","R",0,0,"R0",1,1.52951337392913,8,"Drowsy",352
"s_02",42,"L11flip","R",2,60,"R60",1,2.34804238028329,8,"Drowsy",353
"s_02",8,"L15","L",1,35,"L35",1,2.80579552324131,1,"Drowsy",354
"s_02",21,"R9","R",2,60,"R60",1,2.27621646254161,8,"Grapho",355
"s_02",26,"R14","R",2,35,"R35",1,1.78577645355073,8,"Drowsy",356
"s_02",16,"L23","L",1,12,"L12",0,3.3105039304295,8,"Drowsy",357
"s_02",76,"R0flip","L",0,0,"L0",NaN,NaN,NaN,"Drowsy",358
"s_02",24,"R12","R",2,60,"R60",NaN,NaN,NaN,"Drowsy",359
"s_02",55,"L24flip","R",2,12,"R12",1,2.84608358025743,8,"Drowsy",360
"s_02",7,"L14","L",1,35,"L35",NaN,NaN,NaN,"Drowsy",361
"s_02",4,"L11","L",1,60,"L60",NaN,NaN,NaN,"Drowsy",362
"s_02",65,"R15flip","L",1,35,"L35",1,1.24523950525545,1,"Grapho",363
"s_02",48,"L17flip","R",2,35,"R35",1,0.671411680544708,8,"NA",364
"s_02",21,"R9","R",2,60,"R60",1,0.667726550079491,8,"NA",365
"s_02",8,"L15","L",1,35,"L35",1,0.545732874483871,1,"Relaxed",366
"s_02",19,"L0","L",0,0,"L0",0,0.992534801158961,8,"Relaxed",367
"s_02",64,"R14flip","L",1,35,"L35",1,0.564552647433443,1,"NA",368
"s_02",56,"L25flip","R",2,12,"R12",1,0.779856946529942,8,"NA",369
"s_02",51,"L20flip","R",2,12,"R12",1,0.727159734830718,8,"Drowsy",370
"s_02",56,"L25flip","R",2,12,"R12",1,1.76659848243033,8,"NA",371
"s_02",29,"R17","R",2,35,"R35",1,0.695956979270692,8,"Relaxed",372
"s_02",24,"R12","R",2,60,"R60",1,0.763165322311641,8,"NA",373
"s_02",72,"R22flip","L",1,12,"L12",0,1.41019130245576,8,"Relaxed",374
"s_02",9,"L16","L",1,35,"L35",1,1.4504028959655,1,"Relaxed",375
"s_02",26,"R14","R",2,35,"R35",1,0.708790532073105,8,"Relaxed",376
"s_02",17,"L24","L",1,12,"L12",0,1.68496060333299,8,"Drowsy",377
"s_02",41,"L10flip","R",2,60,"R60",1,0.731046031030841,8,"Drowsy",378
"s_02",42,"L11flip","R",2,60,"R60",1,0.828612438816365,8,"Relaxed",379
"s_02",63,"R13flip","L",1,60,"L60",1,0.750495986435682,1,"Relaxed",380
"s_02",66,"R16flip","L",1,35,"L35",1,0.624456929492436,1,"Relaxed",381
"s_02",50,"L19flip","R",2,35,"R35",1,1.21834641765907,8,"Drowsy",382
"s_02",55,"L24flip","R",2,12,"R12",1,0.820901940941435,8,"Relaxed",383
"s_02",74,"R24flip","L",1,12,"L12",0,1.18104864823811,8,"Drowsy",384
"s_02",4,"L11","L",1,60,"L60",1,0.771518832089219,1,"Relaxed",385
"s_02",59,"R9flip","L",1,60,"L60",1,0.849984758616513,1,"Drowsy",386
"s_02",60,"R10flip","L",1,60,"L60",1,0.941687595771825,1,"Drowsy",387
"s_02",19,"L0","L",0,0,"L0",0,1.17255863314041,8,"Drowsy",388
"s_02",69,"R19flip","L",1,35,"L35",0,0.822997246287415,8,"Drowsy",389
"s_02",47,"L16flip","R",2,35,"R35",1,1.04721801131249,8,"Relaxed",390
"s_02",10,"L17","L",1,35,"L35",1,1.35302431128961,1,"Drowsy",391
"s_02",25,"R13","R",2,60,"R60",1,0.651662542426983,8,"Drowsy",392
"s_02",6,"L13","L",1,60,"L60",1,0.804684493098271,1,"Drowsy",393
"s_02",36,"R24","R",2,12,"R12",1,0.647335939592804,8,"NA",394
"s_02",41,"L10flip","R",2,60,"R60",1,0.610111041432957,8,"Relaxed",395
"s_02",63,"R13flip","L",1,60,"L60",1,1.11447664578717,1,"Drowsy",396
"s_02",30,"R18","R",2,35,"R35",1,1.46695750168579,8,"Drowsy",397
"s_02",74,"R24flip","L",1,12,"L12",0,1.44952433540897,8,"Drowsy",398
"s_02",26,"R14","R",2,35,"R35",1,1.13426889084809,8,"Drowsy",399
"s_02",75,"R25flip","L",1,12,"L12",0,1.82207198654242,8,"Drowsy",400
"s_02",46,"L15flip","R",2,35,"R35",1,1.35043378927479,8,"NA",401
"s_02",41,"L10flip","R",2,60,"R60",1,1.18534651311016,8,"Drowsy",402
"s_02",14,"L21","L",1,12,"L12",1,1.05127416939592,1,"Grapho",403
"s_02",62,"R12flip","L",1,60,"L60",1,1.24285887299976,1,"Grapho",404
"s_02",60,"R10flip","L",1,60,"L60",1,0.568725810076966,1,"Grapho",405
"s_02",46,"L15flip","R",2,35,"R35",1,0.881587279756877,8,"Grapho",406
"s_02",37,"R25","R",2,12,"R12",1,1.50643371127175,8,"Drowsy",407
"s_02",14,"L21","L",1,12,"L12",1,1.97863537786828,1,"Drowsy",408
"s_02",33,"R21","R",2,12,"R12",NaN,NaN,NaN,"Drowsy",409
"s_02",27,"R15","R",2,35,"R35",1,1.97851888648608,8,"Drowsy",410
"s_02",64,"R14flip","L",1,35,"L35",1,2.25126113467738,1,"Grapho",411
"s_02",6,"L13","L",1,60,"L60",NaN,NaN,NaN,"Drowsy",412
"s_02",25,"R13","R",2,60,"R60",NaN,NaN,NaN,"Grapho",413
"s_02",6,"L13","L",1,60,"L60",1,2.35080533007089,1,"Drowsy",414
"s_02",9,"L16","L",1,35,"L35",1,2.33265012249556,1,"Drowsy",415
"s_02",40,"L9flip","R",2,60,"R60",1,2.04146733981922,8,"Drowsy",416
"s_02",71,"R21flip","L",1,12,"L12",NaN,NaN,NaN,"Drowsy",417
"s_02",59,"R9flip","L",1,60,"L60",NaN,NaN,NaN,"Grapho",418
"s_02",35,"R23","R",2,12,"R12",1,1.64834741322418,8,"Drowsy",419
"s_02",23,"R11","R",2,60,"R60",1,1.46052532994773,8,"NA",420
"s_02",65,"R15flip","L",1,35,"L35",0,2.38071846958035,8,"Drowsy",421
"s_02",72,"R22flip","L",1,12,"L12",1,2.39402260651264,1,"Drowsy",422
"s_02",64,"R14flip","L",1,35,"L35",1,1.5573850917716,1,"Drowsy",423
"s_02",41,"L10flip","R",2,60,"R60",NaN,NaN,NaN,"Drowsy",424
"s_02",49,"L18flip","R",2,35,"R35",1,3.01079161795753,8,"Drowsy",425
"s_02",28,"R16","R",2,35,"R35",NaN,NaN,NaN,"Drowsy",426
"s_02",3,"L10","L",1,60,"L60",1,2.16081609654313,1,"Drowsy",427
"s_02",34,"R22","R",2,12,"R12",NaN,NaN,NaN,"Drowsy",428
"s_02",62,"R12flip","L",1,60,"L60",NaN,NaN,NaN,"Drowsy",429
"s_02",14,"L21","L",1,12,"L12",NaN,NaN,NaN,"Drowsy",430
"s_02",7,"L14","L",1,35,"L35",NaN,NaN,NaN,"Drowsy",431
"s_02",55,"L24flip","R",2,12,"R12",0,2.81081645576766,1,"Drowsy",432
"s_02",54,"L23flip","R",2,12,"R12",1,0.935687519821496,8,"NA",433
"s_02",56,"L25flip","R",2,12,"R12",0,1.26932243069789,1,"NA",434
"s_02",71,"R21flip","L",1,12,"L12",1,0.678462744824344,1,"NA",435
"s_02",65,"R15flip","L",1,35,"L35",1,0.547536181607499,1,"NA",436
"s_02",38,"R0","R",0,0,"R0",1,1.36564951386658,8,"NA",437
"s_02",24,"R12","R",2,60,"R60",1,0.740469516719849,8,"NA",438
"s_02",28,"R16","R",2,35,"R35",1,2.16193739024408,8,"NA",439
"s_02",14,"L21","L",1,12,"L12",1,0.886078612695405,1,"NA",440
"s_02",16,"L23","L",1,12,"L12",1,1.12657738055528,1,"Drowsy",441
"s_02",28,"R16","R",2,35,"R35",1,0.938671136104015,8,"NA",442
"s_02",50,"L19flip","R",2,35,"R35",1,1.362098322832,8,"NA",443
"s_02",35,"R23","R",2,12,"R12",0,2.8389575920051,1,"Drowsy",444
"s_02",48,"L17flip","R",2,35,"R35",NaN,NaN,NaN,"Drowsy",445
"s_02",1,"L8","L",1,60,"L60",1,1.08220186160413,1,"Drowsy",446
"s_02",23,"R11","R",2,60,"R60",1,1.58950848847556,8,"Grapho",447
"s_02",61,"R11flip","L",1,60,"L60",1,0.76239298957941,1,"NA",448
"s_02",54,"L23flip","R",2,12,"R12",0,0.00792603259090177,1,"NA",449
"s_02",60,"R10flip","L",1,60,"L60",1,0.665904255373742,1,"NA",450
"s_02",16,"L23","L",1,12,"L12",1,2.23459362982015,1,"NA",451
"s_02",6,"L13","L",1,60,"L60",1,1.36822618007823,1,"NA",452
"s_02",23,"R11","R",2,60,"R60",0,4.13771898583732,1,"NA",453
"s_02",15,"L22","L",1,12,"L12",1,1.01268473121281,1,"Drowsy",454
"s_02",20,"R8","R",2,60,"R60",1,0.65144495499943,8,"NA",455
"s_02",8,"L15","L",1,35,"L35",1,0.798993350240834,1,"Relaxed",456
"s_02",30,"R18","R",2,35,"R35",1,0.72036269360919,8,"Relaxed",457
"s_02",1,"L8","L",1,60,"L60",1,0.831629924839965,1,"Relaxed",458
"s_02",74,"R24flip","L",1,12,"L12",0,1.35186504242442,8,"Drowsy",459
"s_02",27,"R15","R",2,35,"R35",1,1.07610890045478,8,"Grapho",460
"s_02",61,"R11flip","L",1,60,"L60",1,1.32801202067902,1,"Drowsy",461
"s_02",22,"R10","R",2,60,"R60",1,1.17852176028229,8,"Drowsy",462
"s_02",71,"R21flip","L",1,12,"L12",0,1.52227397336196,8,"Drowsy",463
"s_02",67,"R17flip","L",1,35,"L35",1,1.43919252484551,1,"Drowsy",464
"s_02",30,"R18","R",2,35,"R35",1,1.7941417664199,8,"Drowsy",465
"s_02",69,"R19flip","L",1,35,"L35",1,2.38515540566199,1,"Relaxed",466
"s_02",56,"L25flip","R",2,12,"R12",1,1.5970275709956,8,"Grapho",467
"s_02",59,"R9flip","L",1,60,"L60",1,1.70693642033786,1,"Drowsy",468
"s_02",8,"L15","L",1,35,"L35",NaN,NaN,NaN,"Drowsy",469
"s_02",61,"R11flip","L",1,60,"L60",1,0.609310997094387,1,"Drowsy",470
"s_02",31,"R19","R",2,35,"R35",1,0.658106517256633,8,"Relaxed",471
"s_02",13,"L20","L",1,12,"L12",1,1.04987370692,1,"Relaxed",472
"s_02",45,"L14flip","R",2,35,"R35",1,1.17725318452543,8,"Grapho",473
"s_02",71,"R21flip","L",1,12,"L12",0,1.3339848982009,8,"Drowsy",474
"s_02",70,"R20flip","L",1,12,"L12",1,1.50020424480228,1,"Drowsy",475
"s_02",55,"L24flip","R",2,12,"R12",NaN,NaN,NaN,"Drowsy",476
"s_02",73,"R23flip","L",1,12,"L12",0,1.26947227864328,8,"Relaxed",477
"s_02",5,"L12","L",1,60,"L60",1,1.40352152935224,1,"Drowsy",478
"s_02",47,"L16flip","R",2,35,"R35",NaN,NaN,NaN,"Grapho",479
"s_02",31,"R19","R",2,35,"R35",1,2.39265498742201,8,"Drowsy",480
"s_02",75,"R25flip","L",1,12,"L12",1,2.06280014492144,1,"Drowsy",481
"s_02",59,"R9flip","L",1,60,"L60",1,0.989088811592894,1,"Drowsy",482
"s_02",50,"L19flip","R",2,35,"R35",NaN,NaN,NaN,"Drowsy",483
"s_02",21,"R9","R",2,60,"R60",1,0.94600290869231,8,"Drowsy",484
"s_02",28,"R16","R",2,35,"R35",1,2.3985206107638,8,"Drowsy",485
"s_02",51,"L20flip","R",2,12,"R12",NaN,NaN,NaN,"Relaxed",486
"s_02",71,"R21flip","L",1,12,"L12",1,2.02119322071473,1,"Drowsy",487
"s_02",70,"R20flip","L",1,12,"L12",NaN,NaN,NaN,"Drowsy",488
"s_02",73,"R23flip","L",1,12,"L12",1,1.5328095155498,1,"Drowsy",489
"s_02",2,"L9","L",1,60,"L60",1,1.93521488298004,1,"Drowsy",490
"s_02",6,"L13","L",1,60,"L60",1,1.42008691180833,1,"Drowsy",491
"s_02",49,"L18flip","R",2,35,"R35",0,1.65443934801775,1,"Drowsy",492
"s_02",21,"R9","R",2,60,"R60",0,1.48031141687391,1,"Drowsy",493
"s_02",54,"L23flip","R",2,12,"R12",0,1.54842295301035,1,"Drowsy",494
"s_02",48,"L17flip","R",2,35,"R35",1,1.74418184561351,8,"Drowsy",495
"s_02",7,"L14","L",1,35,"L35",1,0.82580586890768,1,"Drowsy",496
"s_02",72,"R22flip","L",1,12,"L12",NaN,NaN,NaN,"Drowsy",497
"s_02",41,"L10flip","R",2,60,"R60",1,0.660400422448043,8,"Relaxed",498
"s_02",68,"R18flip","L",1,35,"L35",1,0.549279960095287,1,"NA",499
"s_02",73,"R23flip","L",1,12,"L12",0,1.24270389327542,8,"NA",500
"s_02",43,"L12flip","R",2,60,"R60",1,0.634189348274337,8,"NA",501
"s_02",44,"L13flip","R",2,60,"R60",1,0.584359774653323,8,"NA",502
"s_02",24,"R12","R",2,60,"R60",1,1.74280344978708,8,"NA",503
"s_02",61,"R11flip","L",1,60,"L60",1,0.685979774632796,1,"NA",504
"s_02",30,"R18","R",2,35,"R35",1,0.724682625130732,8,"NA",505
"s_02",29,"R17","R",2,35,"R35",1,0.81759604894075,8,"NA",506
"s_02",63,"R13flip","L",1,60,"L60",1,0.831012571832076,1,"NA",507
"s_02",40,"L9flip","R",2,60,"R60",1,1.57596931606729,8,"NA",508
"s_02",7,"L14","L",1,35,"L35",1,0.986446458610663,1,"Drowsy",509
"s_02",49,"L18flip","R",2,35,"R35",1,0.953550215996576,8,"Drowsy",510
"s_02",62,"R12flip","L",1,60,"L60",1,0.577828046403598,1,"NA",511
"s_02",5,"L12","L",1,60,"L60",1,1.96178004990142,1,"NA",512
"s_02",59,"R9flip","L",1,60,"L60",1,2.04623373610956,1,"NA",513
"s_02",75,"R25flip","L",1,12,"L12",1,1.38335261171626,1,"Drowsy",514
"s_02",67,"R17flip","L",1,35,"L35",1,1.88008469487982,1,"Relaxed",515
"s_02",65,"R15flip","L",1,35,"L35",1,1.87846664497635,1,"Drowsy",516
"s_02",8,"L15","L",1,35,"L35",0,1.59561581860598,8,"NA",517
"s_02",63,"R13flip","L",1,60,"L60",1,0.674883329005533,1,"NA",518
"s_02",58,"R8flip","L",1,60,"L60",1,0.975372592810788,1,"NA",519
"s_02",60,"R10flip","L",1,60,"L60",1,1.02183623261738,1,"NA",520
"s_02",66,"R16flip","L",1,35,"L35",1,1.47526379909701,1,"Relaxed",521
"s_02",20,"R8","R",2,60,"R60",1,1.16807345833663,8,"Drowsy",522
"s_02",42,"L11flip","R",2,60,"R60",1,0.754008689128121,8,"NA",523
"s_02",5,"L12","L",1,60,"L60",1,1.47080017776482,1,"Relaxed",524
"s_02",63,"R13flip","L",1,60,"L60",0,2.3965766928969,8,"NA",525
"s_02",31,"R19","R",2,35,"R35",1,1.8698016362164,8,"NA",526
"s_02",1,"L8","L",1,60,"L60",1,1.28776091247135,1,"NA",527
"s_02",7,"L14","L",1,35,"L35",1,1.57360869774951,1,"Relaxed",528
"s_02",41,"L10flip","R",2,60,"R60",1,1.6162578862613,8,"Drowsy",529
"s_02",68,"R18flip","L",1,35,"L35",1,2.54760905286861,1,"Grapho",530
"s_02",35,"R23","R",2,12,"R12",NaN,NaN,NaN,"Relaxed",531
"s_02",29,"R17","R",2,35,"R35",1,1.27484576438361,8,"Drowsy",532
"s_02",69,"R19flip","L",1,35,"L35",1,0.659914956159212,1,"Relaxed",533
"s_02",53,"L22flip","R",2,12,"R12",1,0.930189331852644,8,"NA",534
"s_02",27,"R15","R",2,35,"R35",1,0.712511584990983,8,"NA",535
"s_02",40,"L9flip","R",2,60,"R60",1,0.888795376472436,8,"NA",536
"s_02",56,"L25flip","R",2,12,"R12",0,0.665878596478984,1,"NA",537
"s_02",57,"L0flip","R",0,0,"R0",1,1.17238209994447,8,"NA",538
"s_02",61,"R11flip","L",1,60,"L60",1,0.952917467651831,1,"NA",539
"s_02",9,"L16","L",1,35,"L35",1,0.824600927209821,1,"NA",540
"s_02",37,"R25","R",2,12,"R12",1,0.642553634787714,8,"NA",541
"s_02",33,"R21","R",2,12,"R12",1,1.36449435042455,8,"NA",542
"s_02",15,"L22","L",1,12,"L12",1,1.42404351338009,1,"NA",543
"s_02",33,"R21","R",2,12,"R12",1,1.79739582745317,8,"Relaxed",544
"s_02",46,"L15flip","R",2,35,"R35",1,0.905578859533973,8,"NA",545
"s_02",39,"L8flip","R",2,60,"R60",1,0.81174376822423,8,"NA",546
"s_02",14,"L21","L",1,12,"L12",1,0.660945930550609,1,"Relaxed",547
"s_02",44,"L13flip","R",2,60,"R60",1,1.84141468776717,8,"Drowsy",548
"s_02",46,"L15flip","R",2,35,"R35",1,0.900310575262157,8,"NA",549
"s_02",23,"R11","R",2,60,"R60",1,1.72182730332201,8,"NA",550
"s_02",56,"L25flip","R",2,12,"R12",1,0.884591423155202,8,"NA",551
"s_02",35,"R23","R",2,12,"R12",0,2.15797309100389,1,"NA",552
"s_02",25,"R13","R",2,60,"R60",1,0.855270490936765,8,"Drowsy",553
"s_02",39,"L8flip","R",2,60,"R60",1,0.860713768870834,8,"Drowsy",554
"s_02",52,"L21flip","R",2,12,"R12",1,1.77606302235095,8,"Drowsy",555
"s_02",61,"R11flip","L",1,60,"L60",1,1.19494755835089,1,"Drowsy",556
"s_02",60,"R10flip","L",1,60,"L60",1,2.02138309653595,1,"Drowsy",557
"s_02",65,"R15flip","L",1,35,"L35",1,1.71846136950759,1,"Grapho",558
"s_02",7,"L14","L",1,35,"L35",1,2.23743971442677,1,"Relaxed",559
"s_02",59,"R9flip","L",1,60,"L60",1,2.23203697754641,1,"Drowsy",560
"s_02",6,"L13","L",1,60,"L60",1,2.55952401723867,1,"Drowsy",561
"s_02",29,"R17","R",2,35,"R35",1,0.956296744091526,8,"Grapho",562
"s_02",34,"R22","R",2,12,"R12",1,1.23100189773186,8,"Grapho",563
"s_02",15,"L22","L",1,12,"L12",1,1.99844404462184,1,"Relaxed",564
"s_02",12,"L19","L",1,35,"L35",1,1.42310593736561,1,"Relaxed",565
"s_02",36,"R24","R",2,12,"R12",1,1.15917392727859,8,"Drowsy",566
"s_02",54,"L23flip","R",2,12,"R12",1,1.02056098554788,8,"Grapho",567
"s_02",4,"L11","L",1,60,"L60",1,1.74024679751335,1,"Drowsy",568
"s_02",52,"L21flip","R",2,12,"R12",1,1.04770809620238,8,"Drowsy",569
"s_02",44,"L13flip","R",2,60,"R60",1,1.18177530813767,8,"Drowsy",570
"s_02",74,"R24flip","L",1,12,"L12",0,1.20622669530884,8,"Drowsy",571
"s_02",73,"R23flip","L",1,12,"L12",0,1.33103823072683,8,"Drowsy",572
"s_02",23,"R11","R",2,60,"R60",1,1.51451113134172,8,"Drowsy",573
"s_02",27,"R15","R",2,35,"R35",1,0.995199220790684,8,"Drowsy",574
"s_02",50,"L19flip","R",2,35,"R35",1,1.23007099303002,8,"Drowsy",575
"s_02",30,"R18","R",2,35,"R35",1,1.2950654866312,8,"Grapho",576
"s_02",29,"R17","R",2,35,"R35",1,1.45907457603808,8,"Drowsy",577
"s_02",3,"L10","L",1,60,"L60",1,2.81863933960163,1,"Drowsy",578
"s_02",34,"R22","R",2,12,"R12",1,1.40846137977114,8,"Drowsy",579
"s_02",44,"L13flip","R",2,60,"R60",1,1.24541398573981,8,"Drowsy",580
"s_02",1,"L8","L",1,60,"L60",1,0.784614618796064,1,"Drowsy",581
"s_02",17,"L24","L",1,12,"L12",NaN,NaN,NaN,"Drowsy",582
"s_02",11,"L18","L",1,35,"L35",1,0.611639798382669,1,"Drowsy",583
"s_02",55,"L24flip","R",2,12,"R12",1,1.27675683886522,8,"Drowsy",584
"s_02",58,"R8flip","L",1,60,"L60",1,0.880248398628378,1,"Relaxed",585
"s_02",23,"R11","R",2,60,"R60",1,0.57508870279918,8,"Relaxed",586
"s_02",40,"L9flip","R",2,60,"R60",1,1.2123509603098,8,"Drowsy",587
"s_02",36,"R24","R",2,12,"R12",1,0.645880053904206,8,"Drowsy",588
"s_02",16,"L23","L",1,12,"L12",1,2.6932781906579,1,"Drowsy",589
"s_02",24,"R12","R",2,60,"R60",1,1.40006476305037,8,"Drowsy",590
"s_02",55,"L24flip","R",2,12,"R12",1,1.43909912646859,8,"Drowsy",591
"s_02",56,"L25flip","R",2,12,"R12",NaN,NaN,NaN,"Drowsy",592
"s_02",4,"L11","L",1,60,"L60",0,1.56028865230248,8,"Drowsy",593
"s_02",51,"L20flip","R",2,12,"R12",1,1.42118921792715,8,"Drowsy",594
"s_02",60,"R10flip","L",1,60,"L60",NaN,NaN,NaN,"Drowsy",595
"s_02",68,"R18flip","L",1,35,"L35",1,2.76286357370928,1,"Grapho",596
"s_02",52,"L21flip","R",2,12,"R12",1,1.40318231876353,8,"Drowsy",597
"s_02",53,"L22flip","R",2,12,"R12",1,2.6492916605513,8,"Drowsy",598
"s_02",9,"L16","L",1,35,"L35",1,1.33118243371538,1,"Drowsy",599
"s_02",2,"L9","L",1,60,"L60",1,2.75352784144035,1,"Drowsy",600
"s_02",18,"L25","L",1,12,"L12",NaN,NaN,NaN,"Drowsy",601
"s_02",4,"L11","L",1,60,"L60",0,1.96973738634393,8,"Drowsy",602
"s_02",11,"L18","L",1,35,"L35",0,2.20301522804086,8,"Drowsy",603
"s_02",37,"R25","R",2,12,"R12",1,1.76040853065879,8,"Drowsy",604
"s_02",22,"R10","R",2,60,"R60",1,1.26876409314795,8,"Drowsy",605
"s_02",26,"R14","R",2,35,"R35",1,1.31890208668396,8,"Drowsy",606
"s_02",73,"R23flip","L",1,12,"L12",NaN,NaN,NaN,"Drowsy",607
"s_02",50,"L19flip","R",2,35,"R35",1,1.21504309154786,8,"NA",608
"s_02",34,"R22","R",2,12,"R12",NaN,NaN,NaN,"Drowsy",609
"s_02",43,"L12flip","R",2,60,"R60",1,2.07788039054891,8,"NA",610
"s_02",49,"L18flip","R",2,35,"R35",1,1.70776982123961,8,"Drowsy",611
"s_02",45,"L14flip","R",2,35,"R35",NaN,NaN,NaN,"Drowsy",612
"s_02",64,"R14flip","L",1,35,"L35",NaN,NaN,NaN,"Drowsy",613
"s_02",69,"R19flip","L",1,35,"L35",NaN,NaN,NaN,"Drowsy",614
"s_02",15,"L22","L",1,12,"L12",0,1.56340004988089,8,"NA",615
"s_02",76,"R0flip","L",0,0,"L0",0,1.75845332287819,8,"Drowsy",616
"s_02",66,"R16flip","L",1,35,"L35",NaN,NaN,NaN,"Drowsy",617
"s_02",9,"L16","L",1,35,"L35",0,1.49243113922414,8,"NA",618
"s_02",34,"R22","R",2,12,"R12",NaN,NaN,NaN,"NA",619
"s_02",5,"L12","L",1,60,"L60",NaN,NaN,NaN,"NA",620
"s_02",44,"L13flip","R",2,60,"R60",1,2.98231742926612,8,"NA",621
"s_02",2,"L9","L",1,60,"L60",1,0.656543377387945,1,"NA",622
"s_02",53,"L22flip","R",2,12,"R12",1,0.522500797991627,8,"NA",623
"s_02",11,"L18","L",1,35,"L35",1,0.852549108558678,1,"NA",624
"s_02",45,"L14flip","R",2,35,"R35",1,0.704716925941245,8,"NA",625
"s_02",41,"L10flip","R",2,60,"R60",1,0.971316947905259,8,"NA",626
"s_02",9,"L16","L",1,35,"L35",1,1.16554913627028,1,"NA",627
"s_02",36,"R24","R",2,12,"R12",1,0.535204516786562,8,"NA",628
"s_02",73,"R23flip","L",1,12,"L12",1,1.89093378876161,1,"NA",629
"s_02",69,"R19flip","L",1,35,"L35",1,1.09639482265085,1,"NA",630
"s_02",13,"L20","L",1,12,"L12",0,1.52552854757313,8,"NA",631
"s_02",63,"R13flip","L",1,60,"L60",1,1.49658839335291,1,"NA",632
"s_02",22,"R10","R",2,60,"R60",1,0.89822142805092,8,"Drowsy",633
"s_02",76,"R0flip","L",0,0,"L0",0,1.90405112894005,8,"Relaxed",634
"s_02",45,"L14flip","R",2,35,"R35",1,2.45130968130626,8,"NA",635
"s_02",32,"R20","R",2,12,"R12",1,1.63352067747693,8,"Drowsy",636
"s_02",50,"L19flip","R",2,35,"R35",1,1.10113504686854,8,"Drowsy",637
"s_02",42,"L11flip","R",2,60,"R60",1,1.43200084982259,8,"Drowsy",638
"s_02",60,"R10flip","L",1,60,"L60",1,0.868542810839549,1,"Relaxed",639
"s_02",31,"R19","R",2,35,"R35",1,0.729651726689664,8,"NA",640
"s_02",52,"L21flip","R",2,12,"R12",1,1.19234779913396,8,"Relaxed",641
"s_02",74,"R24flip","L",1,12,"L12",1,2.563962492854,1,"Drowsy",642
"s_02",75,"R25flip","L",1,12,"L12",0,1.25318144636111,8,"Drowsy",643
"s_02",51,"L20flip","R",2,12,"R12",1,1.55664662878045,8,"Drowsy",644
"s_02",15,"L22","L",1,12,"L12",1,1.2469668620506,1,"Drowsy",645
"s_02",41,"L10flip","R",2,60,"R60",1,1.74784952803029,8,"Drowsy",646
"s_02",18,"L25","L",1,12,"L12",0,1.97200409310689,8,"Grapho",647
"s_02",69,"R19flip","L",1,35,"L35",1,1.66435599766401,1,"Relaxed",648
"s_02",36,"R24","R",2,12,"R12",1,0.875135094080904,8,"NA",649
"s_02",2,"L9","L",1,60,"L60",1,0.962731481719064,1,"NA",650
"s_02",12,"L19","L",1,35,"L35",1,0.0204917065320362,1,"NA",651
"s_02",45,"L14flip","R",2,35,"R35",1,2.42336611855846,8,"NA",652
"s_02",47,"L16flip","R",2,35,"R35",1,2.4784845035671,8,"NA",653
"s_02",54,"L23flip","R",2,12,"R12",1,1.9631102070057,8,"NA",654
"s_02",3,"L10","L",1,60,"L60",1,0.660928482502173,1,"NA",655
"s_02",29,"R17","R",2,35,"R35",1,0.848286652961396,8,"NA",656
"s_02",28,"R16","R",2,35,"R35",1,1.16057182386503,8,"Relaxed",657
"s_02",9,"L16","L",1,35,"L35",1,2.08208639657772,1,"Relaxed",658
"s_02",44,"L13flip","R",2,60,"R60",1,1.01268883663598,8,"Relaxed",659
"s_02",16,"L23","L",1,12,"L12",1,2.06278782865195,1,"Drowsy",660
"s_02",13,"L20","L",1,12,"L12",1,2.2399861031426,1,"Drowsy",661
"s_02",65,"R15flip","L",1,35,"L35",1,2.24742872215625,1,"Relaxed",662
"s_02",37,"R25","R",2,12,"R12",1,1.13845693565057,8,"Relaxed",663
"s_02",16,"L23","L",1,12,"L12",0,2.26476951641194,8,"Relaxed",664
"s_02",66,"R16flip","L",1,35,"L35",1,1.42359807496708,1,"NA",665
"s_02",21,"R9","R",2,60,"R60",1,1.04098649213144,8,"NA",666
"s_02",56,"L25flip","R",2,12,"R12",1,1.65918778308176,8,"Relaxed",667
"s_02",26,"R14","R",2,35,"R35",1,0.706060425670801,8,"Relaxed",668
"s_02",26,"R14","R",2,35,"R35",1,1.62445538995875,8,"Relaxed",669
"s_02",14,"L21","L",1,12,"L12",1,1.77764001802281,1,"Relaxed",670
"s_02",28,"R16","R",2,35,"R35",1,1.34584187346881,8,"Drowsy",671
"s_02",44,"L13flip","R",2,60,"R60",1,0.951172662808253,8,"Relaxed",672
"s_02",54,"L23flip","R",2,12,"R12",1,1.3738706237472,8,"Drowsy",673
"s_02",43,"L12flip","R",2,60,"R60",1,2.7173123642003,8,"Drowsy",674
"s_02",26,"R14","R",2,35,"R35",1,1.17524204035426,8,"Relaxed",675
"s_02",32,"R20","R",2,12,"R12",1,1.33093918739307,8,"Relaxed",676
"s_02",13,"L20","L",1,12,"L12",1,1.78067238620537,1,"Relaxed",677
"s_02",35,"R23","R",2,12,"R12",1,1.37924000406437,8,"Relaxed",678
"s_02",62,"R12flip","L",1,60,"L60",1,1.96939407033206,1,"Drowsy",679
"s_02",10,"L17","L",1,35,"L35",1,2.54294939758047,1,"Drowsy",680
"s_02",3,"L10","L",1,60,"L60",1,1.7093863316094,1,"Drowsy",681
"s_02",45,"L14flip","R",2,35,"R35",1,1.39987899265232,8,"Drowsy",682
"s_02",3,"L10","L",1,60,"L60",1,2.25894289459018,1,"Drowsy",683
"s_02",66,"R16flip","L",1,35,"L35",1,2.76937682755478,1,"Drowsy",684
"s_02",72,"R22flip","L",1,12,"L12",0,1.52650255921816,8,"Drowsy",685
"s_02",70,"R20flip","L",1,12,"L12",0,2.1445524626894,8,"Drowsy",686
"s_02",46,"L15flip","R",2,35,"R35",1,1.31235496309738,8,"Relaxed",687
"s_02",24,"R12","R",2,60,"R60",1,1.10441989857552,8,"Relaxed",688
"s_02",5,"L12","L",1,60,"L60",1,1.2342913680399,1,"Grapho",689
"s_02",48,"L17flip","R",2,35,"R35",1,2.69829553093898,8,"Drowsy",690
"s_02",28,"R16","R",2,35,"R35",1,1.81753292805964,8,"Drowsy",691
"s_02",7,"L14","L",1,35,"L35",0,1.78787637749777,8,"Grapho",692
"s_02",11,"L18","L",1,35,"L35",0,1.78496563247636,8,"Grapho",693
"s_02",6,"L13","L",1,60,"L60",1,0.880533725538093,1,"Drowsy",694
"s_02",10,"L17","L",1,35,"L35",0,1.8721499382647,8,"Drowsy",695
"s_02",2,"L9","L",1,60,"L60",0,1.76431022219576,8,"Drowsy",696
"s_02",74,"R24flip","L",1,12,"L12",0,1.37228593040692,8,"Drowsy",697
"s_02",67,"R17flip","L",1,35,"L35",NaN,NaN,NaN,"Drowsy",698
"s_02",29,"R17","R",2,35,"R35",1,0.723721956110974,8,"Drowsy",699
"s_02",54,"L23flip","R",2,12,"R12",1,1.33403878187989,8,"Drowsy",700
"s_02",38,"R0","R",0,0,"R0",1,1.35808116626861,8,"Drowsy",701
"s_02",36,"R24","R",2,12,"R12",1,2.55954403117658,8,"Drowsy",702
"s_02",46,"L15flip","R",2,35,"R35",1,1.41912521643278,8,"Grapho",703
"s_02",55,"L24flip","R",2,12,"R12",NaN,NaN,NaN,"Relaxed",704
"s_02",16,"L23","L",1,12,"L12",1,2.43145123629687,1,"Drowsy",705
"s_02",64,"R14flip","L",1,35,"L35",1,2.01629288499375,1,"Drowsy",706
"s_02",68,"R18flip","L",1,35,"L35",1,1.98165235071398,1,"Drowsy",707
"s_02",67,"R17flip","L",1,35,"L35",1,2.91901796225269,1,"Relaxed",708
"s_02",17,"L24","L",1,12,"L12",1,2.99534291060133,1,"Drowsy",709
"s_02",18,"L25","L",1,12,"L12",NaN,NaN,NaN,"Grapho",710
"s_02",16,"L23","L",1,12,"L12",0,3.15596194683272,8,"Drowsy",711
"s_02",34,"R22","R",2,12,"R12",1,1.25675932264623,8,"NA",712
"s_02",28,"R16","R",2,35,"R35",NaN,NaN,NaN,"NA",713
"s_02",49,"L18flip","R",2,35,"R35",1,2.11096958805158,8,"Drowsy",714
"s_02",51,"L20flip","R",2,12,"R12",0,2.89098305383955,1,"Drowsy",715
"s_02",53,"L22flip","R",2,12,"R12",1,4.74782027689027,8,"Drowsy",716
"s_02",4,"L11","L",1,60,"L60",1,0.780452746066235,1,"NA",717
"s_02",54,"L23flip","R",2,12,"R12",1,1.12701306858828,8,"NA",718
"s_02",32,"R20","R",2,12,"R12",1,0.699023730372228,8,"NA",719
"s_02",65,"R15flip","L",1,35,"L35",1,0.908384403086868,1,"NA",720
"s_02",25,"R13","R",2,60,"R60",1,0.699024756728019,8,"NA",721
"s_02",55,"L24flip","R",2,12,"R12",1,1.33131021501127,8,"NA",722
"s_02",32,"R20","R",2,12,"R12",1,1.66440731545353,8,"NA",723
"s_02",68,"R18flip","L",1,35,"L35",1,1.55787312394991,1,"NA",724
"s_02",14,"L21","L",1,12,"L12",0,1.6313458295572,8,"NA",725
"s_02",18,"L25","L",1,12,"L12",0,1.91257142153356,8,"Grapho",726
"s_02",27,"R15","R",2,35,"R35",1,1.4390442164338,8,"Grapho",727
"s_02",20,"R8","R",2,60,"R60",1,1.43074253762364,8,"Drowsy",728
"s_02",25,"R13","R",2,60,"R60",1,1.68764247101315,8,"Drowsy",729
"s_02",1,"L8","L",1,60,"L60",1,1.37209964683097,1,"Relaxed",730
"s_02",23,"R11","R",2,60,"R60",1,0.565179750821341,8,"NA",731
"s_02",66,"R16flip","L",1,35,"L35",1,1.82168658994315,1,"NA",732
"s_02",11,"L18","L",1,35,"L35",1,2.3620352019509,1,"NA",733
"s_02",26,"R14","R",2,35,"R35",1,1.13547383254595,8,"NA",734
"s_02",38,"R0","R",0,0,"R0",0,4.00407771155502,1,"Drowsy",735
"s_02",67,"R17flip","L",1,35,"L35",1,1.41803060798238,1,"Grapho",736
"s_02",35,"R23","R",2,12,"R12",1,1.63665362852694,8,"Relaxed",737
"s_02",16,"L23","L",1,12,"L12",0,2.62924847149964,8,"Grapho",738
"s_02",20,"R8","R",2,60,"R60",1,1.3798209214417,8,"Drowsy",739
"s_02",73,"R23flip","L",1,12,"L12",0,1.30429037247478,8,"Grapho",740
"s_02",2,"L9","L",1,60,"L60",0,1.32870275812592,8,"Grapho",741
"s_02",67,"R17flip","L",1,35,"L35",NaN,NaN,NaN,"Drowsy",742
"s_02",57,"L0flip","R",0,0,"R0",NaN,NaN,NaN,"Relaxed",743
"s_02",21,"R9","R",2,60,"R60",1,1.76392174652912,8,"Drowsy",744
"s_02",69,"R19flip","L",1,35,"L35",0,2.45353020205866,8,"Drowsy",745
"s_02",33,"R21","R",2,12,"R12",NaN,NaN,NaN,"Drowsy",746
"s_02",58,"R8flip","L",1,60,"L60",1,1.94984096617029,1,"Grapho",747
"s_02",55,"L24flip","R",2,12,"R12",1,1.7355974057831,8,"Drowsy",748
"s_02",40,"L9flip","R",2,60,"R60",1,2.01197346665011,8,"Drowsy",749
"s_02",4,"L11","L",1,60,"L60",NaN,NaN,NaN,"Drowsy",750
"s_02",73,"R23flip","L",1,12,"L12",1,2.7968831627359,1,"Grapho",751
"s_02",42,"L11flip","R",2,60,"R60",1,0.91916216524123,8,"Drowsy",752
"s_02",8,"L15","L",1,35,"L35",1,1.91133363645041,1,"Grapho",753
"s_02",30,"R18","R",2,35,"R35",0,3.6566973307565,1,"NA",754
"s_02",24,"R12","R",2,60,"R60",1,1.55777767286141,8,"Grapho",755
"s_02",64,"R14flip","L",1,35,"L35",1,2.90513547383255,1,"Drowsy",756
"s_02",42,"L11flip","R",2,60,"R60",0,1.79375277757536,1,"Drowsy",757
"s_02",17,"L24","L",1,12,"L12",0,2.28043273212832,8,"Drowsy",758
"s_02",61,"R11flip","L",1,60,"L60",1,1.6438514616846,1,"Drowsy",759
"s_02",41,"L10flip","R",2,60,"R60",1,1.5258713504071,8,"Drowsy",760
"s_02",11,"L18","L",1,35,"L35",1,2.23669663283456,1,"Drowsy",761
"s_02",66,"R16flip","L",1,35,"L35",0,2.08182672856276,8,"Grapho",762
"s_02",45,"L14flip","R",2,35,"R35",1,0.935135853584188,8,"Drowsy",763
"s_02",48,"L17flip","R",2,35,"R35",1,1.52977560783356,8,"Grapho",764
"s_02",29,"R17","R",2,35,"R35",NaN,NaN,NaN,"Drowsy",765
"s_02",25,"R13","R",2,60,"R60",1,2.33428972587063,8,"Grapho",766
"s_02",15,"L22","L",1,12,"L12",NaN,NaN,NaN,"Drowsy",767
"s_02",17,"L24","L",1,12,"L12",0,1.97084328470802,8,"Drowsy",768
"s_02",56,"L25flip","R",2,12,"R12",1,1.51796122633095,8,"Drowsy",769
"s_02",56,"L25flip","R",2,12,"R12",NaN,NaN,NaN,"Drowsy",770
"s_02",31,"R19","R",2,35,"R35",1,1.81451236296867,8,"Relaxed",771
"s_02",63,"R13flip","L",1,60,"L60",1,2.60359470852009,1,"Drowsy",772
"s_02",60,"R10flip","L",1,60,"L60",1,1.67135009919729,1,"Drowsy",773
"s_02",11,"L18","L",1,35,"L35",1,2.20610558532558,1,"NA",774
"s_02",14,"L21","L",1,12,"L12",0,1.85145142104091,8,"Drowsy",775
"s_02",62,"R12flip","L",1,60,"L60",1,0.63917846377118,1,"NA",776
"s_02",13,"L20","L",1,12,"L12",1,2.65826303651466,1,"NA",777
"s_02",68,"R18flip","L",1,35,"L35",1,1.27994264723844,1,"NA",778
"s_02",9,"L16","L",1,35,"L35",1,0.996539641452868,1,"NA",779
"s_02",50,"L19flip","R",2,35,"R35",1,0.69929879372404,8,"NA",780
"s_02",34,"R22","R",2,12,"R12",1,2.15897943285632,8,"NA",781
"s_02",27,"R15","R",2,35,"R35",1,1.33840387305621,8,"Drowsy",782
"s_02",18,"L25","L",1,12,"L12",NaN,NaN,NaN,"NA",783
"s_02",69,"R19flip","L",1,35,"L35",1,1.366337685424,1,"Drowsy",784
"s_02",68,"R18flip","L",1,35,"L35",1,2.87066685414766,1,"Relaxed",785
"s_02",74,"R24flip","L",1,12,"L12",0,2.18590074523694,8,"Drowsy",786
"s_02",23,"R11","R",2,60,"R60",1,0.721432156342725,8,"Drowsy",787
"s_02",32,"R20","R",2,12,"R12",1,1.65948901850622,8,"Drowsy",788
"s_02",4,"L11","L",1,60,"L60",1,1.49630563233267,1,"Drowsy",789
"s_02",51,"L20flip","R",2,12,"R12",NaN,NaN,NaN,"NA",790
"s_02",48,"L17flip","R",2,35,"R35",1,0.880007205017648,8,"NA",791
"s_02",28,"R16","R",2,35,"R35",1,1.35945956209504,8,"Drowsy",792
"s_02",36,"R24","R",2,12,"R12",0,2.8872589218543,1,"Drowsy",793
"s_02",70,"R20flip","L",1,12,"L12",NaN,NaN,NaN,"Grapho",794
"s_02",71,"R21flip","L",1,12,"L12",0,0.849059498871522,8,"Drowsy",795
"s_02",72,"R22flip","L",1,12,"L12",0,2.13062635414817,8,"Drowsy",796
"s_02",37,"R25","R",2,12,"R12",0,2.00321608586903,1,"Drowsy",797
"s_02",39,"L8flip","R",2,60,"R60",1,1.67200542736942,8,"Drowsy",798
"s_02",39,"L8flip","R",2,60,"R60",1,0.665395182901734,8,"Drowsy",799
"s_02",3,"L10","L",1,60,"L60",1,2.04316544547434,1,"NA",800
"s_02",71,"R21flip","L",1,12,"L12",NaN,NaN,NaN,"Drowsy",801
"s_02",31,"R19","R",2,35,"R35",1,1.77093483564452,8,"Drowsy",802
"s_02",43,"L12flip","R",2,60,"R60",1,1.5363165732854,8,"Drowsy",803
"s_02",39,"L8flip","R",2,60,"R60",0,3.41113606296077,1,"Drowsy",804
"s_02",35,"R23","R",2,12,"R12",NaN,NaN,NaN,"Drowsy",805
"s_02",62,"R12flip","L",1,60,"L60",NaN,NaN,NaN,"Drowsy",806
"s_02",22,"R10","R",2,60,"R60",NaN,NaN,NaN,"Relaxed",807
"s_02",58,"R8flip","L",1,60,"L60",1,2.40309969712241,1,"Drowsy",808
"s_02",65,"R15flip","L",1,35,"L35",NaN,NaN,NaN,"Drowsy",809
"s_02",3,"L10","L",1,60,"L60",NaN,NaN,NaN,"Drowsy",810
"s_02",47,"L16flip","R",2,35,"R35",1,2.4888650660306,8,"NA",811
"s_02",37,"R25","R",2,12,"R12",1,1.60876702852551,8,"Relaxed",812
"s_02",68,"R18flip","L",1,35,"L35",0,1.17099498009383,8,"Drowsy",813
"s_02",52,"L21flip","R",2,12,"R12",1,2.50180535983521,8,"NA",814
"s_02",27,"R15","R",2,35,"R35",1,0.550688633417529,8,"NA",815
"s_02",61,"R11flip","L",1,60,"L60",1,0.841811887458035,1,"NA",816
"s_02",30,"R18","R",2,35,"R35",1,0.89113238860704,8,"NA",817
"s_02",10,"L17","L",1,35,"L35",1,1.33777882237989,1,"NA",818
"s_02",33,"R21","R",2,12,"R12",0,1.88185772450763,1,"NA",819
"s_02",3,"L10","L",1,60,"L60",1,1.55400478897612,1,"NA",820
"s_02",37,"R25","R",2,12,"R12",NaN,NaN,NaN,"NA",821
"s_02",15,"L22","L",1,12,"L12",1,1.76076211022856,1,"Drowsy",822
"s_02",6,"L13","L",1,60,"L60",1,2.92316854506882,1,"Grapho",823
"s_02",10,"L17","L",1,35,"L35",1,1.06877353562122,1,"Drowsy",824
"s_02",5,"L12","L",1,60,"L60",1,3.68987017625608,1,"Drowsy",825
"s_02",8,"L15","L",1,35,"L35",NaN,NaN,NaN,"Drowsy",826
"s_02",12,"L19","L",1,35,"L35",1,0.931056602495482,1,"Drowsy",827
"s_02",47,"L16flip","R",2,35,"R35",1,1.48682261800782,8,"Drowsy",828
"s_02",39,"L8flip","R",2,60,"R60",NaN,NaN,NaN,"Grapho",829
"s_02",67,"R17flip","L",1,35,"L35",1,2.83182134019486,1,"Grapho",830
"s_02",8,"L15","L",1,35,"L35",NaN,NaN,NaN,"Relaxed",831
"s_02",69,"R19flip","L",1,35,"L35",NaN,NaN,NaN,"Drowsy",832
"s_02",49,"L18flip","R",2,35,"R35",1,1.75086752723179,8,"Drowsy",833
"s_02",3,"L10","L",1,60,"L60",NaN,NaN,NaN,"Drowsy",834
"s_02",19,"L0","L",0,0,"L0",NaN,NaN,NaN,"Grapho",835
"s_02",59,"R9flip","L",1,60,"L60",1,2.22726647583291,1,"Drowsy",836
"s_02",26,"R14","R",2,35,"R35",1,2.2484750918845,8,"Drowsy",837
"s_02",43,"L12flip","R",2,60,"R60",NaN,NaN,NaN,"NA",838
"s_02",12,"L19","L",1,35,"L35",NaN,NaN,NaN,"Drowsy",839
"s_02",67,"R17flip","L",1,35,"L35",1,3.65489915541182,1,"Drowsy",840
"s_02",13,"L20","L",1,12,"L12",NaN,NaN,NaN,"Drowsy",841
"s_02",62,"R12flip","L",1,60,"L60",NaN,NaN,NaN,"NA",842
"s_02",42,"L11flip","R",2,60,"R60",1,1.18752803234252,8,"Drowsy",843
"s_02",51,"L20flip","R",2,12,"R12",NaN,NaN,NaN,"NA",844
"s_02",1,"L8","L",1,60,"L60",1,0.642101011884174,1,"NA",845
"s_02",53,"L22flip","R",2,12,"R12",NaN,NaN,NaN,"NA",846
"s_02",75,"R25flip","L",1,12,"L12",NaN,NaN,NaN,"Drowsy",847
"s_02",11,"L18","L",1,35,"L35",NaN,NaN,NaN,"Drowsy",848
"s_02",35,"R23","R",2,12,"R12",0,2.95074672515526,1,"NA",849
"s_02",73,"R23flip","L",1,12,"L12",1,1.74599387676135,1,"Drowsy",850
"s_02",51,"L20flip","R",2,12,"R12",NaN,NaN,NaN,"Grapho",851
"s_02",38,"R0","R",0,0,"R0",0,1.77240509031418,1,"Drowsy",852
"s_02",47,"L16flip","R",2,35,"R35",NaN,NaN,NaN,"Drowsy",853
"s_02",46,"L15flip","R",2,35,"R35",1,1.5534751893883,8,"Grapho",854
"s_02",31,"R19","R",2,35,"R35",NaN,NaN,NaN,"Drowsy",855
"s_02",51,"L20flip","R",2,12,"R12",0,2.77684613181898,1,"NA",856
"s_02",69,"R19flip","L",1,35,"L35",1,2.86456876121935,1,"NA",857
"s_02",59,"R9flip","L",1,60,"L60",1,0.937761271695878,1,"NA",858
"s_02",24,"R12","R",2,60,"R60",1,1.93466629581011,8,"NA",859
"s_02",54,"L23flip","R",2,12,"R12",0,1.84009530739869,1,"NA",860
"s_02",7,"L14","L",1,35,"L35",1,0.819685709329882,1,"Drowsy",861
"s_02",64,"R14flip","L",1,35,"L35",1,0.695613150080928,1,"Drowsy",862
"s_02",75,"R25flip","L",1,12,"L12",NaN,NaN,NaN,"Drowsy",863
"s_02",64,"R14flip","L",1,35,"L35",NaN,NaN,NaN,"Drowsy",864
